Taxon;AUTEUR;Synonyme ou nom erroné;Groupe;Sous-Groupe;Ordre;Super famille;Famille;Sous_famille;SYSTEMATIQUE;Commentaire
Calopteryx splendens;(Harris, 1782);;Odonata;Zygoptera;Odonata;Calopterygoidea;Calopterygidae;;1;
Calopteryx xanthostoma;(Charpentier, 1825);;Odonata;Zygoptera;Odonata;Calopterygoidea;Calopterygidae;;2;
Calopteryx virgo;(Linnaeus, 1758);;Odonata;Zygoptera;Odonata;Calopterygoidea;Calopterygidae;;3;
Lestes viridis;(Vander Linden, 1825);;Odonata;Zygoptera;Odonata;Lestoidea;Lestidae;;4;
Lestes barbarus;(Fabricius, 1798);;Odonata;Zygoptera;Odonata;Lestoidea;Lestidae;;5;
Lestes dryas;Kirby, 1890;;Odonata;Zygoptera;Odonata;Lestoidea;Lestidae;;6;
Lestes macrostigma;(Eversmann, 1836);;Odonata;Zygoptera;Odonata;Lestoidea;Lestidae;;7;
Lestes sponsa;(Hansemann, 1823);;Odonata;Zygoptera;Odonata;Lestoidea;Lestidae;;8;
Lestes virens;(Charpentier, 1825);;Odonata;Zygoptera;Odonata;Lestoidea;Lestidae;;9;
Sympecma fusca;(Vander Linden, 1820);;Odonata;Zygoptera;Odonata;Lestoidea;Lestidae;;10;
Platycnemis acutipennis;Sélys, 1841;;Odonata;Zygoptera;Odonata;Coenagrionoidea;Platycnemididae;;11;
Platycnemis latipes;Rambur, 1842;;Odonata;Zygoptera;Odonata;Coenagrionoidea;Platycnemididae;;12;
Platycnemis pennipes;(Pallas, 1771);;Odonata;Zygoptera;Odonata;Coenagrionoidea;Platycnemididae;;13;
Ceriagrion tenellum;(Villers, 1789);;Odonata;Zygoptera;Odonata;Coenagrionoidea;Coenagrionidae;;14;
Coenagrion mercuriale;(Charpentier, 1840);;Odonata;Zygoptera;Odonata;Coenagrionoidea;Coenagrionidae;;15;
Coenagrion puella;(Linnaeus, 1758);;Odonata;Zygoptera;Odonata;Coenagrionoidea;Coenagrionidae;;16;
Coenagrion pulchellum;(Vander Linden, 1825);;Odonata;Zygoptera;Odonata;Coenagrionoidea;Coenagrionidae;;17;
Coenagrion scitulum;(Rambur, 1842);;Odonata;Zygoptera;Odonata;Coenagrionoidea;Coenagrionidae;;18;
Enallagma cyathigerum;(Charpentier, 1840);;Odonata;Zygoptera;Odonata;Coenagrionoidea;Coenagrionidae;;19;
Erythromma lindenii;(Sélys, 1840);;Odonata;Zygoptera;Odonata;Coenagrionoidea;Coenagrionidae;;20;
Erythromma najas;(Hansemann, 1823);;Odonata;Zygoptera;Odonata;Coenagrionoidea;Coenagrionidae;;21;
Erythromma viridulum;(Charpentier, 1840);;Odonata;Zygoptera;Odonata;Coenagrionoidea;Coenagrionidae;;22;
Ischnura elegans;(Vander Linden, 1820);;Odonata;Zygoptera;Odonata;Coenagrionoidea;Coenagrionidae;;23;
Ischnura pumilio;(Charpentier, 1825);;Odonata;Zygoptera;Odonata;Coenagrionoidea;Coenagrionidae;;24;
Pyrrhosoma nymphula;(Sulzer, 1776);;Odonata;Zygoptera;Odonata;Coenagrionoidea;Coenagrionidae;;25;
Aeshna affinis;Vander Linden, 1820;;Odonata;Anisoptera;Odonata;Aeshnoidea;Aeshnidae;;26;
Aeshna cyanea;(Müller, 1764);;Odonata;Anisoptera;Odonata;Aeshnoidea;Aeshnidae;;27;
Aeshna grandis;(Linnaeus, 1758);;Odonata;Anisoptera;Odonata;Aeshnoidea;Aeshnidae;;28;
Aeshna isoceles;(Müller, 1767);;Odonata;Anisoptera;Odonata;Aeshnoidea;Aeshnidae;;29;
Aeshna mixta;Latreille, 1805;;Odonata;Anisoptera;Odonata;Aeshnoidea;Aeshnidae;;30;
Anax imperator;Leach, 1815;;Odonata;Anisoptera;Odonata;Aeshnoidea;Aeshnidae;;31;
Anax junius;(Drury, 1773);;Odonata;Anisoptera;Odonata;Aeshnoidea;Aeshnidae;;32;
Anax parthenope;(Sélys, 1839);;Odonata;Anisoptera;Odonata;Aeshnoidea;Aeshnidae;;33;
Boyeria irene;(Fonscolombe, 1838);;Odonata;Anisoptera;Odonata;Aeshnoidea;Aeshnidae;;34;
Brachytron pratense;(Müller, 1764);;Odonata;Anisoptera;Odonata;Aeshnoidea;Aeshnidae;;35;
Hemianax ephippiger;(Burmeister, 1839);;Odonata;Anisoptera;Odonata;Aeshnoidea;Aeshnidae;;36;
Gomphus flavipes;(Charpentier, 1825);;Odonata;Anisoptera;Odonata;Aeshnoidea;Gomphidae;;37;
Gomphus graslini;Rambur, 1842;;Odonata;Anisoptera;Odonata;Aeshnoidea;Gomphidae;;38;
Gomphus pulchellus;Sélys, 1840;;Odonata;Anisoptera;Odonata;Aeshnoidea;Gomphidae;;39;
Gomphus simillimus;Sélys, 1840;;Odonata;Anisoptera;Odonata;Aeshnoidea;Gomphidae;;40;
Gomphus vulgatissimus;(Linnaeus, 1758);;Odonata;Anisoptera;Odonata;Aeshnoidea;Gomphidae;;41;
Onychogomphus forcipatus;(Linnaeus, 1758);;Odonata;Anisoptera;Odonata;Aeshnoidea;Gomphidae;;42;
Onychogomphus uncatus;(Charpentier, 1840);;Odonata;Anisoptera;Odonata;Aeshnoidea;Gomphidae;;43;
Ophiogomphus cecilia;(Geoffroy in Fourcroy, 1785);;Odonata;Anisoptera;Odonata;Aeshnoidea;Gomphidae;;44;
Cordulegaster boltonii;(Donovan, 1807);;Odonata;Anisoptera;Odonata;Cordulegastroidea;Cordulegastridae;;45;
Cordulia aenea;(Linnaeus, 1758);;Odonata;Anisoptera;Odonata;Libelluloidea;Corduliidae;;46;
Oxygastra curtisii;(Dale, 1834);;Odonata;Anisoptera;Odonata;Libelluloidea;Corduliidae;;47;
Somatochlora flavomaculata;(Vander Linden, 1825);;Odonata;Anisoptera;Odonata;Libelluloidea;Corduliidae;;48;
Somatochlora metallica;(Vander Linden, 1825);;Odonata;Anisoptera;Odonata;Libelluloidea;Corduliidae;;49;
Crocothemis erythraea;(Brullé, 1832);;Odonata;Anisoptera;Odonata;Libelluloidea;Libellulidae;;50;
Leucorrhinia albifrons;(Burmeister, 1839);;Odonata;Anisoptera;Odonata;Libelluloidea;Libellulidae;;51;
Leucorrhinia pectoralis;(Charpentier, 1825);;Odonata;Anisoptera;Odonata;Libelluloidea;Libellulidae;;52;
Libellula depressa;Linnaeus, 1758;;Odonata;Anisoptera;Odonata;Libelluloidea;Libellulidae;;53;
Libellula fulva;Müller, 1764;;Odonata;Anisoptera;Odonata;Libelluloidea;Libellulidae;;54;
Libellula quadrimaculata;Linnaeus, 1758;;Odonata;Anisoptera;Odonata;Libelluloidea;Libellulidae;;55;
Orthetrum albistylum;(Sélys, 1848);;Odonata;Anisoptera;Odonata;Libelluloidea;Libellulidae;;56;
Orthetrum brunneum;(Fonscolombe, 1837);;Odonata;Anisoptera;Odonata;Libelluloidea;Libellulidae;;57;
Orthetrum cancellatum;(Linnaeus, 1758);;Odonata;Anisoptera;Odonata;Libelluloidea;Libellulidae;;58;
Orthetrum coerulescens;(Fabricius, 1798);;Odonata;Anisoptera;Odonata;Libelluloidea;Libellulidae;;59;
Sympetrum danae;(Sulzer, 1776);;Odonata;Anisoptera;Odonata;Libelluloidea;Libellulidae;;60;
Sympetrum depressiusculum;(Sélys, 1841);;Odonata;Anisoptera;Odonata;Libelluloidea;Libellulidae;;61;
Sympetrum flaveolum;(Linnaeus, 1758);;Odonata;Anisoptera;Odonata;Libelluloidea;Libellulidae;;62;
Sympetrum fonscolombii;(Sélys, 1840);;Odonata;Anisoptera;Odonata;Libelluloidea;Libellulidae;;63;
Sympetrum meridionale;(Sélys, 1841);;Odonata;Anisoptera;Odonata;Libelluloidea;Libellulidae;;64;
Sympetrum sanguineum;(Müller, 1764);;Odonata;Anisoptera;Odonata;Libelluloidea;Libellulidae;;65;
Sympetrum striolatum;(Charpentier, 1840);;Odonata;Anisoptera;Odonata;Libelluloidea;Libellulidae;;66;
Sympetrum vulgatum;(Linnaeus, 1758);;Odonata;Anisoptera;Odonata;Libelluloidea;Libellulidae;;67;
Trithemis annulata;(Palisot de Beauvois, 1805);;Odonata;Anisoptera;Odonata;Libelluloidea;Libellulidae;;68;
Clonopsis gallica;(Charpentier, 1825);Phasma gallica;Orthoptera, Mantodea & Phasmatodea;;Phasmatodea;;Bacillidae;;69;
Phaneroptera falcata;(Poda, 1761);;Orthoptera, Mantodea & Phasmatodea;Ensifera;Orthoptera;Tettigonioidea;Phaneropteridae;;70;
Phaneroptera nana;Fieber, 1853;;Orthoptera, Mantodea & Phasmatodea;Ensifera;Orthoptera;Tettigonioidea;Phaneropteridae;;71;
Tylopsis lilifolia;(Fabricius, 1793);;Orthoptera, Mantodea & Phasmatodea;Ensifera;Orthoptera;Tettigonioidea;Phaneropteridae;;72;
Isophya pyrenaea;(Serville, 1839);Barbitistes pyrenaea;Orthoptera, Mantodea & Phasmatodea;Ensifera;Orthoptera;Tettigonioidea;Phaneropteridae;;73;
Leptophyes punctatissima;(Bosc, 1792);;Orthoptera, Mantodea & Phasmatodea;Ensifera;Orthoptera;Tettigonioidea;Phaneropteridae;;74;
Meconema thalassinum;(De Geer, 1773);;Orthoptera, Mantodea & Phasmatodea;Ensifera;Orthoptera;Tettigonioidea;Meconematidae;;75;
Meconema meridionale;Costa, 1860;;Orthoptera, Mantodea & Phasmatodea;Ensifera;Orthoptera;Tettigonioidea;Meconematidae;;76;
Cyrtaspis scutata;(Charpentier, 1825);Barbitistes scutata;Orthoptera, Mantodea & Phasmatodea;Ensifera;Orthoptera;Tettigonioidea;Meconematidae;;77;
Conocephalus fuscus;(Fabricius, 1793);Conocephalus discolor;Orthoptera, Mantodea & Phasmatodea;Ensifera;Orthoptera;Tettigonioidea;Conocephalidae;;78;
Conocephalus dorsalis;(Latreille, 1804);;Orthoptera, Mantodea & Phasmatodea;Ensifera;Orthoptera;Tettigonioidea;Conocephalidae;;79;
Ruspolia nitidula;(Scopoli, 1786);;Orthoptera, Mantodea & Phasmatodea;Ensifera;Orthoptera;Tettigonioidea;Conocephalidae;;80;
Tettigonia viridissima;(Linnaeus, 1758);;Orthoptera, Mantodea & Phasmatodea;Ensifera;Orthoptera;Tettigonioidea;Tettigoniidae;;81;
Decticus verrucivorus;(Linnaeus, 1758);;Orthoptera, Mantodea & Phasmatodea;Ensifera;Orthoptera;Tettigonioidea;Tettigoniidae;;82;
Decticus albifrons;(Fabricius, 1775);;Orthoptera, Mantodea & Phasmatodea;Ensifera;Orthoptera;Tettigonioidea;Tettigoniidae;;83;
Platycleis albopunctata;(Goeze, 1778);;Orthoptera, Mantodea & Phasmatodea;Ensifera;Orthoptera;Tettigonioidea;Tettigoniidae;;84;
Platycleis intermedia;(Serville, 1839);;Orthoptera, Mantodea & Phasmatodea;Ensifera;Orthoptera;Tettigonioidea;Tettigoniidae;;85;
Platycleis affinis;Fieber, 1853;;Orthoptera, Mantodea & Phasmatodea;Ensifera;Orthoptera;Tettigonioidea;Tettigoniidae;;86;
Tessellana tessellata;(Charpentier, 1825);Platycleis tessellata;Orthoptera, Mantodea & Phasmatodea;Ensifera;Orthoptera;Tettigonioidea;Tettigoniidae;;87;
Metrioptera brachyptera;(Linnaeus, 1761);;Orthoptera, Mantodea & Phasmatodea;Ensifera;Orthoptera;Tettigonioidea;Tettigoniidae;;88;
Roeseliana roeselii;(Hagenbach, 1822);Metrioptera roeselii;Orthoptera, Mantodea & Phasmatodea;Ensifera;Orthoptera;Tettigonioidea;Tettigoniidae;;89;
Sepiana sepium;(Yersin, 1854);;Orthoptera, Mantodea & Phasmatodea;Ensifera;Orthoptera;Tettigonioidea;Tettigoniidae;;90;
Pholidoptera griseoaptera;(De Geer, 1773);;Orthoptera, Mantodea & Phasmatodea;Ensifera;Orthoptera;Tettigonioidea;Tettigoniidae;;91;
Gampsocleis glabra;(Herbst, 1786);;Orthoptera, Mantodea & Phasmatodea;Ensifera;Orthoptera;Tettigonioidea;Tettigoniidae;;92;
Ephippiger ephippiger;(Fiebig, 1784);Ephippiger diurnus;Orthoptera, Mantodea & Phasmatodea;Ensifera;Orthoptera;Tettigonioidea;Bradyporidae;;93;
Uromenus rugosicollis;(Serville, 1839);Ephippiger rugosicollis;Orthoptera, Mantodea & Phasmatodea;Ensifera;Orthoptera;Tettigonioidea;Bradyporidae;;94;
Gryllus campestris;Linnaeus, 1758;;Orthoptera, Mantodea & Phasmatodea;Ensifera;Orthoptera;Grylloidea;Gryllidae;;95;
Acheta domesticus;(Linnaeus, 1758);Gryllus domesticus;Orthoptera, Mantodea & Phasmatodea;Ensifera;Orthoptera;Grylloidea;Gryllidae;;96;
Melanogryllus desertus;(Pallas, 1771);;Orthoptera, Mantodea & Phasmatodea;Ensifera;Orthoptera;Grylloidea;Gryllidae;;97;
Eumodicogryllus bordigalensis;(Latreille, 1804);Tartarogryllus bordigalensis;Orthoptera, Mantodea & Phasmatodea;Ensifera;Orthoptera;Grylloidea;Gryllidae;;98;
Nemobius sylvestris;(Bosc, 1792);;Orthoptera, Mantodea & Phasmatodea;Ensifera;Orthoptera;Grylloidea;Gryllidae;;99;
Pteronemobius heydenii;(Fischer, 1853);;Orthoptera, Mantodea & Phasmatodea;Ensifera;Orthoptera;Grylloidea;Gryllidae;;100;
Pteronemobius lineolatus;(Brullé, 1835);;Orthoptera, Mantodea & Phasmatodea;Ensifera;Orthoptera;Grylloidea;Gryllidae;;101;
Oecanthus pellucens;(Scopoli, 1763);;Orthoptera, Mantodea & Phasmatodea;Ensifera;Orthoptera;Grylloidea;Gryllidae;;102;
Gryllotalpa gryllotalpa;(Linnaeus, 1758);;Orthoptera, Mantodea & Phasmatodea;Ensifera;Orthoptera;Grylloidea;Gryllotalpidae;;103;
Depressotetrix depressus;(Brisout de Barneville, [1849]);Tetrix depressa / Uvarovitettix depressus;Orthoptera, Mantodea & Phasmatodea;Caelifera;Orthoptera;Tetrigoidea;Tetrigidae;;104;
Paratettix meridionalis;(Rambur, 1838);Tetrix meridionalis;Orthoptera, Mantodea & Phasmatodea;Caelifera;Orthoptera;Tetrigoidea;Tetrigidae;;105;
Tetrix subulata;(Linnaeus, 1758);;Orthoptera, Mantodea & Phasmatodea;Caelifera;Orthoptera;Tetrigoidea;Tetrigidae;;106;
Tetrix bolivari;(Saulcy, 1901);;Orthoptera, Mantodea & Phasmatodea;Caelifera;Orthoptera;Tetrigoidea;Tetrigidae;;107;
Tetrix ceperoi;(Bolivar, 1887);;Orthoptera, Mantodea & Phasmatodea;Caelifera;Orthoptera;Tetrigoidea;Tetrigidae;;108;
Tetrix undulata;(Sowerby, 1806);;Orthoptera, Mantodea & Phasmatodea;Caelifera;Orthoptera;Tetrigoidea;Tetrigidae;;109;
Tetrix bipunctata;(Linnaeus, 1758);;Orthoptera, Mantodea & Phasmatodea;Caelifera;Orthoptera;Tetrigoidea;Tetrigidae;;110;
Tetrix tenuicornis;Sahlberg, 1893;;Orthoptera, Mantodea & Phasmatodea;Caelifera;Orthoptera;Tetrigoidea;Tetrigidae;;111;
Calliptamus italicus;(Linnaeus, 1758);;Orthoptera, Mantodea & Phasmatodea;Caelifera;Orthoptera;Acridoidea;Acrididae;;112;
Calliptamus barbarus;(Costa, 1836);;Orthoptera, Mantodea & Phasmatodea;Caelifera;Orthoptera;Acridoidea;Acrididae;;113;
Pezotettix giornae;(Rossi, 1794);;Orthoptera, Mantodea & Phasmatodea;Caelifera;Orthoptera;Acridoidea;Acrididae;;114;
Psophus stridulus;(Linnaeus, 1758);;Orthoptera, Mantodea & Phasmatodea;Caelifera;Orthoptera;Acridoidea;Acrididae;;115;
Oedaleus decorus;(Germar, 1826);;Orthoptera, Mantodea & Phasmatodea;Caelifera;Orthoptera;Acridoidea;Acrididae;;116;
Locusta migratoria;(Linnaeus, 1758);;Orthoptera, Mantodea & Phasmatodea;Caelifera;Orthoptera;Acridoidea;Acrididae;;117;
Oedipoda caerulescens;(Linnaeus, 1758);;Orthoptera, Mantodea & Phasmatodea;Caelifera;Orthoptera;Acridoidea;Acrididae;;118;
Oedipoda germanica;(Latreille, 1804);;Orthoptera, Mantodea & Phasmatodea;Caelifera;Orthoptera;Acridoidea;Acrididae;;119;
Sphingonotus caerulans;(Linnaeus, 1767);;Orthoptera, Mantodea & Phasmatodea;Caelifera;Orthoptera;Acridoidea;Acrididae;;120;
Aiolopus thalassinus;(Fabricius, 1781);;Orthoptera, Mantodea & Phasmatodea;Caelifera;Orthoptera;Acridoidea;Acrididae;;121;
Aiolopus strepens;(Latreille, 1804);;Orthoptera, Mantodea & Phasmatodea;Caelifera;Orthoptera;Acridoidea;Acrididae;;122;
Epacromius tergestinus;(Charpentier, 1825);;Orthoptera, Mantodea & Phasmatodea;Caelifera;Orthoptera;Acridoidea;Acrididae;;123;
Mecostethus parapleurus;(Hagenbach, 1822);Mecostethus alliaceus;Orthoptera, Mantodea & Phasmatodea;Caelifera;Orthoptera;Acridoidea;Acrididae;;124;
Stethophyma grossum;(Linnaeus, 1758);;Orthoptera, Mantodea & Phasmatodea;Caelifera;Orthoptera;Acridoidea;Acrididae;;125;
Paracinema tricolor;(Thunberg, 1815);;Orthoptera, Mantodea & Phasmatodea;Caelifera;Orthoptera;Acridoidea;Acrididae;;126;
Calephorus compressicornis;(Latreille, 1804);;Orthoptera, Mantodea & Phasmatodea;Caelifera;Orthoptera;Acridoidea;Acrididae;;127;
Dociostaurus genei;(Ocskay, 1832);;Orthoptera, Mantodea & Phasmatodea;Caelifera;Orthoptera;Acridoidea;Acrididae;;128;
Dociostaurus jagoi;Soltani, 1978;;Orthoptera, Mantodea & Phasmatodea;Caelifera;Orthoptera;Acridoidea;Acrididae;;129;
Chrysochraon dispar;(Germar, [1835]);;Orthoptera, Mantodea & Phasmatodea;Caelifera;Orthoptera;Acridoidea;Acrididae;;130;
Euchorthippus declivus;(Brisout de Barneville, [1849]);;Orthoptera, Mantodea & Phasmatodea;Caelifera;Orthoptera;Acridoidea;Acrididae;;131;
Euchorthippus elegantulus;Zeuner, 1940;Euchorthippus pulvinatus;Orthoptera, Mantodea & Phasmatodea;Caelifera;Orthoptera;Acridoidea;Acrididae;;132;
Omocestus rufipes;(Zetterstedt, 1821);;Orthoptera, Mantodea & Phasmatodea;Caelifera;Orthoptera;Acridoidea;Acrididae;;133;
Omocestus haemorrhoidalis;(Charpentier, 1825);;Orthoptera, Mantodea & Phasmatodea;Caelifera;Orthoptera;Acridoidea;Acrididae;;134;
Omocestus petraeus;(Brisout de Barneville, 1856);;Orthoptera, Mantodea & Phasmatodea;Caelifera;Orthoptera;Acridoidea;Acrididae;;135;
Myrmeleotettix maculatus;(Thunberg, 1815);;Orthoptera, Mantodea & Phasmatodea;Caelifera;Orthoptera;Acridoidea;Acrididae;;136;
Stenobothrus stigmaticus;(Rambur, 1838);;Orthoptera, Mantodea & Phasmatodea;Caelifera;Orthoptera;Acridoidea;Acrididae;;137;
Stenobothrus nigromaculatus;(Herrich-Schäffer, 1840);;Orthoptera, Mantodea & Phasmatodea;Caelifera;Orthoptera;Acridoidea;Acrididae;;138;
Stenobothrus lineatus;(Panzer, 1796);;Orthoptera, Mantodea & Phasmatodea;Caelifera;Orthoptera;Acridoidea;Acrididae;;139;
Pseudochorthippus paralellus;(Zetterstedt, 1821);Chorthippus parallelus;Orthoptera, Mantodea & Phasmatodea;Caelifera;Orthoptera;Acridoidea;Acrididae;;140;
Pseudochorthippus montanus;(Charpentier, 1825);Chorthippus montanus;Orthoptera, Mantodea & Phasmatodea;Caelifera;Orthoptera;Acridoidea;Acrididae;;141;
Chorthippus albomarginatus;(De Geer, 1773);;Orthoptera, Mantodea & Phasmatodea;Caelifera;Orthoptera;Acridoidea;Acrididae;;142;
Chorthippus dorsatus;(Zetterstedt, 1821);;Orthoptera, Mantodea & Phasmatodea;Caelifera;Orthoptera;Acridoidea;Acrididae;;143;
Chorthippus vagans;(Eversmann, 1848);;Orthoptera, Mantodea & Phasmatodea;Caelifera;Orthoptera;Acridoidea;Acrididae;;144;
Chorthippus brunneus;(Thunberg, 1815);;Orthoptera, Mantodea & Phasmatodea;Caelifera;Orthoptera;Acridoidea;Acrididae;;145;
Chorthippus mollis;(Charpentier, 1825);;Orthoptera, Mantodea & Phasmatodea;Caelifera;Orthoptera;Acridoidea;Acrididae;;146;
Chorthippus biguttulus;(Linnaeus, 1758);;Orthoptera, Mantodea & Phasmatodea;Caelifera;Orthoptera;Acridoidea;Acrididae;;147;
Chorthippus binotatus;(Charpentier, 1825);;Orthoptera, Mantodea & Phasmatodea;Caelifera;Orthoptera;Acridoidea;Acrididae;;148;
Gomphocerippus rufus;(Linnaeus, 1758);;Orthoptera, Mantodea & Phasmatodea;Caelifera;Orthoptera;Acridoidea;Acrididae;;149;
Ameles decolor;(Charpentier, 1825);;Orthoptera, Mantodea & Phasmatodea;Dictyoptera;Dictyoptera;Mantodea;Mantidae;;150;
Mantis religiosa;Linnaeus, 1758;;Orthoptera, Mantodea & Phasmatodea;Dictyoptera;Dictyoptera;Mantodea;Mantidae;;151;
Empusa pennata;(Thunberg, 1815);;Orthoptera, Mantodea & Phasmatodea;Dictyoptera;Dictyoptera;Mantodea;Empusidae;;152;
Euborellia moesta;(Gené in Serville, 1839);;Dermaptera;;Dermaptera;;Anisolabididae;;153;
Euborellia annulipes;(Lucas, 1847);;Dermaptera;;Dermaptera;;Anisolabididae;;154;
Labia minor;(Linnaeus, 1758);;Dermaptera;;Dermaptera;;Spongiphoridae;;155;
Labidura riparia;(Pallas, 1773);;Dermaptera;;Dermaptera;;Labiduridae;;156;
Chelidurella acanthopygia;(Gené, 1832);;Dermaptera;;Dermaptera;;Forficulidae;;157;
Apterygida media;(Hagenbach, 1822);;Dermaptera;;Dermaptera;;Forficulidae;;158;
Forficula auricularia;Linnaeus, 1758;;Dermaptera;;Dermaptera;;Forficulidae;;159;
Forficula decipiens;Gené, 1832;;Dermaptera;;Dermaptera;;Forficulidae;;160;
Forficula pubescens;Gené in Serville, 1839;;Dermaptera;;Dermaptera;;Forficulidae;;161;
Forficula lesnei;Finot, 1887;;Dermaptera;;Dermaptera;;Forficulidae;;162;
Cicindela sylvatica;Linnaeus, 1758;;Cicindelinae;;Coleoptera;Caraboidea;Carabidae;Cicindelinae;163;
Cicindela hybrida;Linnaeus, 1758;;Cicindelinae;;Coleoptera;Caraboidea;Carabidae;Cicindelinae;164;
Cicindela campestris;Linnaeus, 1758;;Cicindelinae;;Coleoptera;Caraboidea;Carabidae;Cicindelinae;165;
Calomera littoralis;(Fabricius, 1787);Lophyridia littoralis;Cicindelinae;;Coleoptera;Caraboidea;Carabidae;Cicindelinae;166;
Lophyra flexuosa;(Fabricius, 1787);;Cicindelinae;;Coleoptera;Caraboidea;Carabidae;Cicindelinae;167;
Cylindera germanica;(Linnaeus, 1758);;Cicindelinae;;Coleoptera;Caraboidea;Carabidae;Cicindelinae;168;
Cylindera trisignata;(Dejean, 1822);;Cicindelinae;;Coleoptera;Caraboidea;Carabidae;Cicindelinae;169;
Calosoma sycophanta;(Linnaeus, 1758);;Carabinae;Calosomes;Coleoptera;Caraboidea;Carabidae;Carabinae;170;
Calosoma inquisitor;(Linnaeus, 1758);;Carabinae;Calosomes;Coleoptera;Caraboidea;Carabidae;Carabinae;171;
Calosoma auropunctatum;(Herbst, 1784);Campalita auropunctatum;Carabinae;Calosomes;Coleoptera;Caraboidea;Carabidae;Carabinae;172;
Carabus granulatus;Linnaeus, 1758;;Carabinae;Carabes;Coleoptera;Caraboidea;Carabidae;Carabinae;173;
Carabus arcensis;Herbst, 1784;Carabus arvensis;Carabinae;Carabes;Coleoptera;Caraboidea;Carabidae;Carabinae;174;
Carabus monilis;Fabricius, 1792;;Carabinae;Carabes;Coleoptera;Caraboidea;Carabidae;Carabinae;175;
Carabus nemoralis;Müller, 1764;;Carabinae;Carabes;Coleoptera;Caraboidea;Carabidae;Carabinae;176;
Carabus cancellatus;Illiger, 1798;;Carabinae;Carabes;Coleoptera;Caraboidea;Carabidae;Carabinae;177;
Carabus auratus;Linnaeus, 1761;;Carabinae;Carabes;Coleoptera;Caraboidea;Carabidae;Carabinae;178;
Carabus convexus;Fabricius, 1775;;Carabinae;Carabes;Coleoptera;Caraboidea;Carabidae;Carabinae;179;
Carabus problematicus;Herbst, 1786;;Carabinae;Carabes;Coleoptera;Caraboidea;Carabidae;Carabinae;180;
Carabus intricatus;Linnaeus, 1761;;Carabinae;Carabes;Coleoptera;Caraboidea;Carabidae;Carabinae;181;
Carabus coriaceus;Linnaeus, 1758;;Carabinae;Carabes;Coleoptera;Caraboidea;Carabidae;Carabinae;182;
Carabus violaceus;Linnaeus, 1758;Carabus purpurascens;Carabinae;Carabes;Coleoptera;Caraboidea;Carabidae;Carabinae;183;
Carabus auronitens;Fabricius, 1792;;Carabinae;Carabes;Coleoptera;Caraboidea;Carabidae;Carabinae;184;
Cychrus caraboides;(Linnaeus, 1758);;Carabinae;Cychres;Coleoptera;Caraboidea;Carabidae;Carabinae;185;
Cychrus attenuatus;(Fabricius, 1792);;Carabinae;Cychres;Coleoptera;Caraboidea;Carabidae;Carabinae;186;
Aesalus scarabaeoides;(Panzer, 1794);;Scarabaeoidea;Lucanidae;Coleoptera;Scarabaeoidea;Lucanidae;;187;
Sinodendron cylindricum;(Linnaeus, 1735);;Scarabaeoidea;Lucanidae;Coleoptera;Scarabaeoidea;Lucanidae;;188;
Platycerus caraboides;(Linnaeus, 1735);;Scarabaeoidea;Lucanidae;Coleoptera;Scarabaeoidea;Lucanidae;;189;
Dorcus parallelipipedus;(Linnaeus, 1735);;Scarabaeoidea;Lucanidae;Coleoptera;Scarabaeoidea;Lucanidae;;190;
Lucanus cervus;(Linnaeus, 1735);;Scarabaeoidea;Lucanidae;Coleoptera;Scarabaeoidea;Lucanidae;;191;
Trox hispidus;(Pontoppidan, 1763);;Scarabaeoidea;Trogidae;Coleoptera;Scarabaeoidea;Trogidae;;192;
Trox perlatus;(Geoffroy, 1762);;Scarabaeoidea;Trogidae;Coleoptera;Scarabaeoidea;Trogidae;;193;
Trox perrisi;Farmaire, 1868;;Scarabaeoidea;Trogidae;Coleoptera;Scarabaeoidea;Trogidae;;194;
Trox sabulosus;(Linnaeus, 1758);;Scarabaeoidea;Trogidae;Coleoptera;Scarabaeoidea;Trogidae;;195;
Trox scaber;(Linnaeus, 1767);;Scarabaeoidea;Trogidae;Coleoptera;Scarabaeoidea;Trogidae;;196;
Odontaeus armiger;(Scopoli, 1772);;Scarabaeoidea;Geotrupidae;Coleoptera;Scarabaeoidea;Geotrupidae;;197;
Typhoeus typhoeus;(Linnaeus, 1758);;Scarabaeoidea;Geotrupidae;Coleoptera;Scarabaeoidea;Geotrupidae;;198;
Anoplotrupes stercorosus;(Scriba, 1791);;Scarabaeoidea;Geotrupidae;Coleoptera;Scarabaeoidea;Geotrupidae;;199;
Geotrupes mutator;Marsham, 1802;;Scarabaeoidea;Geotrupidae;Coleoptera;Scarabaeoidea;Geotrupidae;;200;
Geotrupes spiniger;Marsham, 1802;;Scarabaeoidea;Geotrupidae;Coleoptera;Scarabaeoidea;Geotrupidae;;201;
Geotrupes stercorarius;(Linnaeus, 1758);;Scarabaeoidea;Geotrupidae;Coleoptera;Scarabaeoidea;Geotrupidae;;202;
Sericotrupes niger;(Marsham, 1802);;Scarabaeoidea;Geotrupidae;Coleoptera;Scarabaeoidea;Geotrupidae;;203;
Trypocopris pyrenaeus;(Charpentier, 1825);;Scarabaeoidea;Geotrupidae;Coleoptera;Scarabaeoidea;Geotrupidae;;204;
Trypocopris vernalis;(Linnaeus, 1758);;Scarabaeoidea;Geotrupidae;Coleoptera;Scarabaeoidea;Geotrupidae;;205;
Aegialia arenaria;(Fabricius, 1787);;Scarabaeoidea;Aegialiidae;Coleoptera;Scarabaeoidea;Aegialiidae;;206;
Aphodius immundus;Creutzer, 1799;;Scarabaeoidea;Aphodiidae;Coleoptera;Scarabaeoidea;Aphodiidae;;207;
Aphodius luridus;(Fabricius, 1775);;Scarabaeoidea;Aphodiidae;Coleoptera;Scarabaeoidea;Aphodiidae;;208;
Aphodius rufipes;(Linnaeus, 1758);;Scarabaeoidea;Aphodiidae;Coleoptera;Scarabaeoidea;Aphodiidae;;209;
Aphodius ater;(De Geer, 1774);;Scarabaeoidea;Aphodiidae;Coleoptera;Scarabaeoidea;Aphodiidae;;210;
Aphodius constans;Duftschmidt, 1805;;Scarabaeoidea;Aphodiidae;Coleoptera;Scarabaeoidea;Aphodiidae;;211;
Aphodius scybalarius;(Fabricius, 1781);Aphodius rufus;Scarabaeoidea;Aphodiidae;Coleoptera;Scarabaeoidea;Aphodiidae;;212;
Aphodius sordidus;(Fabricius, 1775);;Scarabaeoidea;Aphodiidae;Coleoptera;Scarabaeoidea;Aphodiidae;;213;
Aphodius obscurus;(Fabricius, 1792);;Scarabaeoidea;Aphodiidae;Coleoptera;Scarabaeoidea;Aphodiidae;;214;
Aphodius fimetarius;(Linnaeus, 1758);;Scarabaeoidea;Aphodiidae;Coleoptera;Scarabaeoidea;Aphodiidae;;215;
Aphodius foetens;(Fabricius, 1787);;Scarabaeoidea;Aphodiidae;Coleoptera;Scarabaeoidea;Aphodiidae;;216;
Aphodius foetidus;(Herbst, 1783);Aphodius scybalarius (auct. nec Fabricius);Scarabaeoidea;Aphodiidae;Coleoptera;Scarabaeoidea;Aphodiidae;;217;
Aphodius satellitius;(Herbst, 1789);;Scarabaeoidea;Aphodiidae;Coleoptera;Scarabaeoidea;Aphodiidae;;218;
Aphodius ictericus;(Laicharting, 1781);;Scarabaeoidea;Aphodiidae;Coleoptera;Scarabaeoidea;Aphodiidae;;219;
Aphodius lugens;Creutzer, 1799;;Scarabaeoidea;Aphodiidae;Coleoptera;Scarabaeoidea;Aphodiidae;;220;
Aphodius granarius;(Linnaeus, 1767);;Scarabaeoidea;Aphodiidae;Coleoptera;Scarabaeoidea;Aphodiidae;;221;
Aphodius distinctus;(Müller, 1776);;Scarabaeoidea;Aphodiidae;Coleoptera;Scarabaeoidea;Aphodiidae;;222;
Aphodius paykulli;Bedel, 1907;;Scarabaeoidea;Aphodiidae;Coleoptera;Scarabaeoidea;Aphodiidae;;223;
Aphodius sticticus;(Panzer, 1798);;Scarabaeoidea;Aphodiidae;Coleoptera;Scarabaeoidea;Aphodiidae;;224;
Aphodius erraticus;(Linnaeus, 1758);;Scarabaeoidea;Aphodiidae;Coleoptera;Scarabaeoidea;Aphodiidae;;225;
Aphodius scrutator;(Herbst, 1789);;Scarabaeoidea;Aphodiidae;Coleoptera;Scarabaeoidea;Aphodiidae;;226;
Aphodius merdarius;(Fabricius, 1775);;Scarabaeoidea;Aphodiidae;Coleoptera;Scarabaeoidea;Aphodiidae;;227;
Aphodius pusillus;(Herbst, 1789);;Scarabaeoidea;Aphodiidae;Coleoptera;Scarabaeoidea;Aphodiidae;;228;
Aphodius coenosus;(Panzer, 1798);;Scarabaeoidea;Aphodiidae;Coleoptera;Scarabaeoidea;Aphodiidae;;229;
Aphodius subterraneus;(Linnaeus, 1758);;Scarabaeoidea;Aphodiidae;Coleoptera;Scarabaeoidea;Aphodiidae;;230;
Aphodius lividus;(Olivier, 1789);;Scarabaeoidea;Aphodiidae;Coleoptera;Scarabaeoidea;Aphodiidae;;231;
Aphodius niger;(Panzer, 1797);;Scarabaeoidea;Aphodiidae;Coleoptera;Scarabaeoidea;Aphodiidae;;232;
Aphodius plagiatus;(Linnaeus, 1767);;Scarabaeoidea;Aphodiidae;Coleoptera;Scarabaeoidea;Aphodiidae;;233;
Aphodius consputus;Creutzer, 1799;;Scarabaeoidea;Aphodiidae;Coleoptera;Scarabaeoidea;Aphodiidae;;234;
Aphodius prodromus;(Brahm, 1790);;Scarabaeoidea;Aphodiidae;Coleoptera;Scarabaeoidea;Aphodiidae;;235;
Aphodius reyi;Reitter, 1892;;Scarabaeoidea;Aphodiidae;Coleoptera;Scarabaeoidea;Aphodiidae;;236;
Aphodius sphacelatus;(Panzer, 1798);;Scarabaeoidea;Aphodiidae;Coleoptera;Scarabaeoidea;Aphodiidae;;237;
Aphodius varians;Duftschmidt, 1805;;Scarabaeoidea;Aphodiidae;Coleoptera;Scarabaeoidea;Aphodiidae;;238;
Aphodius contaminatus;(Herbst, 1783);;Scarabaeoidea;Aphodiidae;Coleoptera;Scarabaeoidea;Aphodiidae;;239;
Aphodius obliteratus;Panzer, 1823;;Scarabaeoidea;Aphodiidae;Coleoptera;Scarabaeoidea;Aphodiidae;;240;
Aphodius haemorrhoidalis;(Linnaeus, 1758);;Scarabaeoidea;Aphodiidae;Coleoptera;Scarabaeoidea;Aphodiidae;;241;
Aphodius quadrimaculatus;(Linnaeus, 1761);;Scarabaeoidea;Aphodiidae;Coleoptera;Scarabaeoidea;Aphodiidae;;242;
Aphodius porcus;(Fabricius, 1792);;Scarabaeoidea;Aphodiidae;Coleoptera;Scarabaeoidea;Aphodiidae;;243;
Aphodius fossor;(Linnaeus, 1758);;Scarabaeoidea;Aphodiidae;Coleoptera;Scarabaeoidea;Aphodiidae;;244;
Aphodius scrofa;(Fabricius, 1787);;Scarabaeoidea;Aphodiidae;Coleoptera;Scarabaeoidea;Aphodiidae;;245;
Euheptaulacus sus;(Herbst, 1783);;Scarabaeoidea;Aphodiidae;Coleoptera;Scarabaeoidea;Aphodiidae;;246;
Heptaulacus testudinarius;(Fabricius, 1775);;Scarabaeoidea;Aphodiidae;Coleoptera;Scarabaeoidea;Aphodiidae;;247;
Oxyomus silvestris;(Scopoli, 1763);;Scarabaeoidea;Aphodiidae;Coleoptera;Scarabaeoidea;Aphodiidae;;248;
Brindalus porcicollis;(Illiger, 1803);;Scarabaeoidea;Aphodiidae;Coleoptera;Scarabaeoidea;Aphodiidae;;249;
Psammodius asper;(Fabricius, 1775);;Scarabaeoidea;Aphodiidae;Coleoptera;Scarabaeoidea;Aphodiidae;;250;
Psammodius laevipennis;Costa, 1844;;Scarabaeoidea;Aphodiidae;Coleoptera;Scarabaeoidea;Aphodiidae;;251;
Pleurophorus caesus;(Creutzer, 1796);;Scarabaeoidea;Aphodiidae;Coleoptera;Scarabaeoidea;Aphodiidae;;252;
Rhyssemus germanus;(Linnaeus, 1767);;Scarabaeoidea;Aphodiidae;Coleoptera;Scarabaeoidea;Aphodiidae;;253;
Gymnopleurus flagellatus;(Fabricius, 1787);;Scarabaeoidea;Scarabaeidae;Coleoptera;Scarabaeoidea;Scarabaeidae;;254;
Gymnopleurus mopsus;(Pallas, 1781);;Scarabaeoidea;Scarabaeidae;Coleoptera;Scarabaeoidea;Scarabaeidae;;255;
Scarabaeus typhon;(Fischer, 1823);;Scarabaeoidea;Scarabaeidae;Coleoptera;Scarabaeoidea;Scarabaeidae;;256;
Sisyphus schaefferi;(Linnaeus, 1758);;Scarabaeoidea;Scarabaeidae;Coleoptera;Scarabaeoidea;Scarabaeidae;;257;
Copris lunaris;(Linnaeus, 1758);;Scarabaeoidea;Scarabaeidae;Coleoptera;Scarabaeoidea;Scarabaeidae;;258;
Euoniticellus fulvus;(Goeze, 1777);;Scarabaeoidea;Scarabaeidae;Coleoptera;Scarabaeoidea;Scarabaeidae;;259;
Caccobius schreberi;(Linnaeus, 1767);;Scarabaeoidea;Scarabaeidae;Coleoptera;Scarabaeoidea;Scarabaeidae;;260;
Euonthophagus amyntas;(Olivier, 1789);;Scarabaeoidea;Scarabaeidae;Coleoptera;Scarabaeoidea;Scarabaeidae;;261;
Onthophagus furcatus;(Fabricius, 1781);;Scarabaeoidea;Scarabaeidae;Coleoptera;Scarabaeoidea;Scarabaeidae;;262;
Onthophagus illyricus;(Scopoli, 1763);;Scarabaeoidea;Scarabaeidae;Coleoptera;Scarabaeoidea;Scarabaeidae;;263;
Onthophagus taurus;(Schreber, 1759);;Scarabaeoidea;Scarabaeidae;Coleoptera;Scarabaeoidea;Scarabaeidae;;264;
Onthophagus grossepunctatus;Reitter, 1905;;Scarabaeoidea;Scarabaeidae;Coleoptera;Scarabaeoidea;Scarabaeidae;;265;
Onthophagus joannae;Goljan, 1953;;Scarabaeoidea;Scarabaeidae;Coleoptera;Scarabaeoidea;Scarabaeidae;;266;
Onthophagus ovatus;(Linnaeus, 1767);;Scarabaeoidea;Scarabaeidae;Coleoptera;Scarabaeoidea;Scarabaeidae;;267;
Onthophagus ruficapillus;Brullé, 1832;;Scarabaeoidea;Scarabaeidae;Coleoptera;Scarabaeoidea;Scarabaeidae;;268;
Onthophagus coenobita;(Herbst, 1783);;Scarabaeoidea;Scarabaeidae;Coleoptera;Scarabaeoidea;Scarabaeidae;;269;
Onthophagus lemur;(Fabricius, 1781);;Scarabaeoidea;Scarabaeidae;Coleoptera;Scarabaeoidea;Scarabaeidae;;270;
Onthophagus nuchicornis;(Linnaeus, 1758);;Scarabaeoidea;Scarabaeidae;Coleoptera;Scarabaeoidea;Scarabaeidae;;271;
Onthophagus opacicollis;Reitter, 1893;;Scarabaeoidea;Scarabaeidae;Coleoptera;Scarabaeoidea;Scarabaeidae;;272;
Onthophagus similis;(Scriba, 1790);;Scarabaeoidea;Scarabaeidae;Coleoptera;Scarabaeoidea;Scarabaeidae;;273;
Onthophagus vacca;(Linnaeus, 1767);;Scarabaeoidea;Scarabaeidae;Coleoptera;Scarabaeoidea;Scarabaeidae;;274;
Onthophagus verticicornis;(Laicharting, 1781);;Scarabaeoidea;Scarabaeidae;Coleoptera;Scarabaeoidea;Scarabaeidae;;275;
Onthophagus emarginatus;Mulsant, 1842;;Scarabaeoidea;Scarabaeidae;Coleoptera;Scarabaeoidea;Scarabaeidae;;276;
Anoxia villosa;(Fabricius, 1781);;Scarabaeoidea;Melolonthidae;Coleoptera;Scarabaeoidea;Melolonthidae;;277;
Melolontha melolontha;(Linnaeus, 1758);;Scarabaeoidea;Melolonthidae;Coleoptera;Scarabaeoidea;Melolonthidae;;278;
Polyphylla fullo;(Linnaeus, 1758);;Scarabaeoidea;Melolonthidae;Coleoptera;Scarabaeoidea;Melolonthidae;;279;
Amphimallon ochraceum;(Knoch, 1801);;Scarabaeoidea;Melolonthidae;Coleoptera;Scarabaeoidea;Melolonthidae;;280;
Amphimallon solstitiale;(Linnaeus, 1758);;Scarabaeoidea;Melolonthidae;Coleoptera;Scarabaeoidea;Melolonthidae;;281;
Amphimallon atrum;(Herbst, 1790);;Scarabaeoidea;Melolonthidae;Coleoptera;Scarabaeoidea;Melolonthidae;;282;
Amphimallon majale;(Razoumowsky, 1789);;Scarabaeoidea;Melolonthidae;Coleoptera;Scarabaeoidea;Melolonthidae;;283;
Rhizotrogus marginipes;Mulsant, 1842;;Scarabaeoidea;Melolonthidae;Coleoptera;Scarabaeoidea;Melolonthidae;;284;
Rhizotrogus aestivus;(Olivier, 1789);;Scarabaeoidea;Melolonthidae;Coleoptera;Scarabaeoidea;Melolonthidae;;285;
Rhizotrogus cicatricosus;Mulsant, 1842;;Scarabaeoidea;Melolonthidae;Coleoptera;Scarabaeoidea;Melolonthidae;;286;
Homaloplia ruricola;(Fabricius, 1775);;Scarabaeoidea;Melolonthidae;Coleoptera;Scarabaeoidea;Melolonthidae;;287;
Maladera holosericea;(Scopoli, 1772);;Scarabaeoidea;Melolonthidae;Coleoptera;Scarabaeoidea;Melolonthidae;;288;
Serica brunnea;(Linnaeus, 1758);;Scarabaeoidea;Melolonthidae;Coleoptera;Scarabaeoidea;Melolonthidae;;289;
Hoplia farinosa;(Linnaeus, 1761);;Scarabaeoidea;Rutelidae;Coleoptera;Scarabaeoidea;Rutelidae;;290;
Hoplia coerulea;(Drury, 1773);;Scarabaeoidea;Rutelidae;Coleoptera;Scarabaeoidea;Rutelidae;;291;
Anisoplia villosa;(Goeze, 1777);;Scarabaeoidea;Rutelidae;Coleoptera;Scarabaeoidea;Rutelidae;;292;
Anomala dubia;(Scopoli, 1763);;Scarabaeoidea;Rutelidae;Coleoptera;Scarabaeoidea;Rutelidae;;293;
Phyllopertha horticola;(Linnaeus, 1758);;Scarabaeoidea;Rutelidae;Coleoptera;Scarabaeoidea;Rutelidae;;294;
Calicnemis atlanticus;Mosconi, 1996;;Scarabaeoidea;Dynastidae;Coleoptera;Scarabaeoidea;Dynastidae;;295;
Oryctes nasicornis;(Linnaeus, 1758);;Scarabaeoidea;Dynastidae;Coleoptera;Scarabaeoidea;Dynastidae;;296;
Valgus hemipterus;(Linnaeus, 1758);;Scarabaeoidea;Cetoniidae;Coleoptera;Scarabaeoidea;Cetoniidae;;297;
Osmoderma eremita;(Scopoli, 1763);;Scarabaeoidea;Cetoniidae;Coleoptera;Scarabaeoidea;Cetoniidae;;298;
Gnorimus nobilis;(Linnaeus, 1758);;Scarabaeoidea;Cetoniidae;Coleoptera;Scarabaeoidea;Cetoniidae;;299;
Gnorimus variabilis;(Linnaeus, 1758);Gnorimus octopunctatus;Scarabaeoidea;Cetoniidae;Coleoptera;Scarabaeoidea;Cetoniidae;;300;
Trichius fasciatus;(Linnaeus, 1758);;Scarabaeoidea;Cetoniidae;Coleoptera;Scarabaeoidea;Cetoniidae;;301;
Trichius rosaceus;(Voet, 1769);;Scarabaeoidea;Cetoniidae;Coleoptera;Scarabaeoidea;Cetoniidae;;302;
Cetonia aurata;(Linnaeus, 1761);;Scarabaeoidea;Cetoniidae;Coleoptera;Scarabaeoidea;Cetoniidae;;303;
Liocola lugubris;(Herbst, 1770);;Scarabaeoidea;Cetoniidae;Coleoptera;Scarabaeoidea;Cetoniidae;;304;
Netocia morio;(Fabricius, 1781);;Scarabaeoidea;Cetoniidae;Coleoptera;Scarabaeoidea;Cetoniidae;;305;
Netocia cuprea;(Fabricius, 1775);;Scarabaeoidea;Cetoniidae;Coleoptera;Scarabaeoidea;Cetoniidae;;306;
Tropinota hirta;(Poda, 1761);;Scarabaeoidea;Cetoniidae;Coleoptera;Scarabaeoidea;Cetoniidae;;307;
Triopinota squalida;(Scopoli, 1783);;Scarabaeoidea;Cetoniidae;Coleoptera;Scarabaeoidea;Cetoniidae;;308;
Oxythyrea funesta;(Poda, 1761);;Scarabaeoidea;Cetoniidae;Coleoptera;Scarabaeoidea;Cetoniidae;;309;
Aegosoma scabricorne;(Scopoli, 1763);;Cerambycidae;Prioninae;Coleoptera;Chrysomeloidea;Cerambycidae;Prioninae;310;
Ergates faber;(Linnaeus, 1761);;Cerambycidae;Prioninae;Coleoptera;Chrysomeloidea;Cerambycidae;Prioninae;311;
Prionus coriarius;(Linnaeus, 1758);Prionus coriarus;Cerambycidae;Prioninae;Coleoptera;Chrysomeloidea;Cerambycidae;Prioninae;312;
Rhamnusium bicolor ;(Schrank, 1781);;Cerambycidae;Lepturinae;Coleoptera;Chrysomeloidea;Cerambycidae;Lepturinae;313;
Rhagium bifasciatum;Fabricius, 1775;;Cerambycidae;Lepturinae;Coleoptera;Chrysomeloidea;Cerambycidae;Lepturinae;314;
Rhagium inquisitor;(Linnaeus, 1758);;Cerambycidae;Lepturinae;Coleoptera;Chrysomeloidea;Cerambycidae;Lepturinae;315;
Rhagium mordax;(De Geer, 1775);;Cerambycidae;Lepturinae;Coleoptera;Chrysomeloidea;Cerambycidae;Lepturinae;316;
Rhagium sycophanta;(Schrank, 1781);;Cerambycidae;Lepturinae;Coleoptera;Chrysomeloidea;Cerambycidae;Lepturinae;317;
Oxymirus cursor;(Linnaeus, 1758);;Cerambycidae;Lepturinae;Coleoptera;Chrysomeloidea;Cerambycidae;Lepturinae;318;
Stenocorus meridianus;(Linnaeus, 1758);;Cerambycidae;Lepturinae;Coleoptera;Chrysomeloidea;Cerambycidae;Lepturinae;319;
Dinoptera collaris;(Linnaeus, 1758);;Cerambycidae;Lepturinae;Coleoptera;Chrysomeloidea;Cerambycidae;Lepturinae;320;
Cortodera humeralis;(Schaller, 1783);;Cerambycidae;Lepturinae;Coleoptera;Chrysomeloidea;Cerambycidae;Lepturinae;321;
Grammoptera abdominalis;(Stephens, 1831);Grammoptera variegata;Cerambycidae;Lepturinae;Coleoptera;Chrysomeloidea;Cerambycidae;Lepturinae;322;
Grammoptera ruficornis;(Fabricius, 1781);;Cerambycidae;Lepturinae;Coleoptera;Chrysomeloidea;Cerambycidae;Lepturinae;323;
Grammoptera ustulata;(Schaller, 1783);;Cerambycidae;Lepturinae;Coleoptera;Chrysomeloidea;Cerambycidae;Lepturinae;324;
Pidonia lurida;(Fabricius, 1792);;Cerambycidae;Lepturinae;Coleoptera;Chrysomeloidea;Cerambycidae;Lepturinae;325;
Pedostrangalia revestita;(Linnaeus, 1767);Pedostrangalia reverstita;Cerambycidae;Lepturinae;Coleoptera;Chrysomeloidea;Cerambycidae;Lepturinae;326;
Etorufus pubescens;(Fabricius, 1787);;Cerambycidae;Lepturinae;Coleoptera;Chrysomeloidea;Cerambycidae;Lepturinae;327;
Leptura aethiops;Poda, 1761;;Cerambycidae;Lepturinae;Coleoptera;Chrysomeloidea;Cerambycidae;Lepturinae;328;
Leptura annularis;Fabricius, 1801;;Cerambycidae;Lepturinae;Coleoptera;Chrysomeloidea;Cerambycidae;Lepturinae;329;
Leptura aurulenta;Fabricius, 1792;;Cerambycidae;Lepturinae;Coleoptera;Chrysomeloidea;Cerambycidae;Lepturinae;330;
Leptura quadrifasciata;Linnaeus, 1758;;Cerambycidae;Lepturinae;Coleoptera;Chrysomeloidea;Cerambycidae;Lepturinae;331;
Anastrangalia dubia;(Scopoli, 1763);;Cerambycidae;Lepturinae;Coleoptera;Chrysomeloidea;Cerambycidae;Lepturinae;332;
Anastrangalia reyi;(Heyden, 1889);;Cerambycidae;Lepturinae;Coleoptera;Chrysomeloidea;Cerambycidae;Lepturinae;333;
Anastrangalia sanguinolenta;(Linnaeus, 1761);;Cerambycidae;Lepturinae;Coleoptera;Chrysomeloidea;Cerambycidae;Lepturinae;334;
Stictoleptura cordigera;(Fuessly, 1775);Brachyleptura cordigera;Cerambycidae;Lepturinae;Coleoptera;Chrysomeloidea;Cerambycidae;Lepturinae;335;
Stictoleptura fontenayi;(Mulsant, 1839);Corymbia fontenayi;Cerambycidae;Lepturinae;Coleoptera;Chrysomeloidea;Cerambycidae;Lepturinae;336;
Paracorymbia fulva;(De Geer, 1775);Brachyleptura fulva / Stictoleptura fulva;Cerambycidae;Lepturinae;Coleoptera;Chrysomeloidea;Cerambycidae;Lepturinae;337;
Paracorymbia maculicornis;(De Geer, 1775);Stictoleptura maculicornis;Cerambycidae;Lepturinae;Coleoptera;Chrysomeloidea;Cerambycidae;Lepturinae;338;
Stictoleptura rubra;(Linnaeus, 1758);Corymbia rubra;Cerambycidae;Lepturinae;Coleoptera;Chrysomeloidea;Cerambycidae;Lepturinae;339;
Stictoleptura scutellata;(Fabricius, 1781);;Cerambycidae;Lepturinae;Coleoptera;Chrysomeloidea;Cerambycidae;Lepturinae;340;
Anoplodera rufipes;(Schaller, 1783);;Cerambycidae;Lepturinae;Coleoptera;Chrysomeloidea;Cerambycidae;Lepturinae;341;
Anoplodera sexguttata;(Fabricius, 1775);;Cerambycidae;Lepturinae;Coleoptera;Chrysomeloidea;Cerambycidae;Lepturinae;342;
Pachytodes cerambyciformis;(Schrank, 1781);;Cerambycidae;Lepturinae;Coleoptera;Chrysomeloidea;Cerambycidae;Lepturinae;343;
Alosterna tabacicolor;(De Geer, 1775);;Cerambycidae;Lepturinae;Coleoptera;Chrysomeloidea;Cerambycidae;Lepturinae;344;
Pseudovadonia livida;(Fabricius, 1776);Pseudallosterna livida;Cerambycidae;Lepturinae;Coleoptera;Chrysomeloidea;Cerambycidae;Lepturinae;345;
Strangalia attenuata;(Linnaeus, 1758);;Cerambycidae;Lepturinae;Coleoptera;Chrysomeloidea;Cerambycidae;Lepturinae;346;
Rutpela maculata;(Poda, 1761);Leptura maculata;Cerambycidae;Lepturinae;Coleoptera;Chrysomeloidea;Cerambycidae;Lepturinae;347;
Stenurella bifasciata;(Müller, 1776);;Cerambycidae;Lepturinae;Coleoptera;Chrysomeloidea;Cerambycidae;Lepturinae;348;
Stenurella melanura;(Linnaeus, 1758);;Cerambycidae;Lepturinae;Coleoptera;Chrysomeloidea;Cerambycidae;Lepturinae;349;
Stenurella nigra;(Linnaeus, 1758);;Cerambycidae;Lepturinae;Coleoptera;Chrysomeloidea;Cerambycidae;Lepturinae;350;
Necydalis major;(Linnaeus, 1758);;Cerambycidae;Necydalinae;Coleoptera;Chrysomeloidea;Cerambycidae;Necydalinae;351;
Necydalis ulmi;(Chevrolat, 1838);;Cerambycidae;Necydalinae;Coleoptera;Chrysomeloidea;Cerambycidae;Necydalinae;352;
Asemum striatum;(Linnaeus, 1758);;Cerambycidae;Spondylidinae;Coleoptera;Chrysomeloidea;Cerambycidae;Spondylidinae;353;
Tetropium castaneum;(Linnaeus, 1758);;Cerambycidae;Spondylidinae;Coleoptera;Chrysomeloidea;Cerambycidae;Spondylidinae;354;
Tetropium fuscum;(Fabricius, 1787);;Cerambycidae;Spondylidinae;Coleoptera;Chrysomeloidea;Cerambycidae;Spondylidinae;355;
Tetropium gabrieli;(Weise, 1905) ;;Cerambycidae;Spondylidinae;Coleoptera;Chrysomeloidea;Cerambycidae;Spondylidinae;356;
Arhopalus ferus;(Mulsant, 1839);Arhopalus tristis;Cerambycidae;Spondylidinae;Coleoptera;Chrysomeloidea;Cerambycidae;Spondylidinae;357;
Arhopalus rusticus;(Linnaeus, 1758);;Cerambycidae;Spondylidinae;Coleoptera;Chrysomeloidea;Cerambycidae;Spondylidinae;358;
Spondylis buprestoides;(Linnaeus, 1758);;Cerambycidae;Spondylidinae;Coleoptera;Chrysomeloidea;Cerambycidae;Spondylidinae;359;
Trichoferus fasciculatus;(Faldermann, 1837);;Cerambycidae;Cerambycinae;Coleoptera;Chrysomeloidea;Cerambycidae;Cerambycinae;360;
Trichoferus holosericeus;(Rossi, 1790);;Cerambycidae;Cerambycinae;Coleoptera;Chrysomeloidea;Cerambycidae;Cerambycinae;361;
Trichoferus pallidus;(Olivier, 1790);;Cerambycidae;Cerambycinae;Coleoptera;Chrysomeloidea;Cerambycidae;Cerambycinae;362;
Icosium tomentosum;(Lucas, 1854);;Cerambycidae;Cerambycinae;Coleoptera;Chrysomeloidea;Cerambycidae;Cerambycinae;363;
Cerambyx cerdo;Linnaeus, 1758;;Cerambycidae;Cerambycinae;Coleoptera;Chrysomeloidea;Cerambycidae;Cerambycinae;364;
Cerambyx miles;Bonelli, 1823;;Cerambycidae;Cerambycinae;Coleoptera;Chrysomeloidea;Cerambycidae;Cerambycinae;365;
Cerambyx scopolii;Fuessly, 1775;;Cerambycidae;Cerambycinae;Coleoptera;Chrysomeloidea;Cerambycidae;Cerambycinae;366;
Rosalia alpina;(Linnaeus, 1758);;Cerambycidae;Cerambycinae;Coleoptera;Chrysomeloidea;Cerambycidae;Cerambycinae;367;
Purpuricenus kaehleri;(Linnaeus, 1758);Purpuricenus kaelheri;Cerambycidae;Cerambycinae;Coleoptera;Chrysomeloidea;Cerambycidae;Cerambycinae;368;
Penichroa fasciata;(Stephens, 1839);;Cerambycidae;Cerambycinae;Coleoptera;Chrysomeloidea;Cerambycidae;Cerambycinae;369;
Gracilia minuta;(Fabricius, 1781);;Cerambycidae;Cerambycinae;Coleoptera;Chrysomeloidea;Cerambycidae;Cerambycinae;370;
Obrium brunneum;(Fabricius, 1792);;Cerambycidae;Cerambycinae;Coleoptera;Chrysomeloidea;Cerambycidae;Cerambycinae;371;
Obrium cantharinum;(Linnaeus, 1767);;Cerambycidae;Cerambycinae;Coleoptera;Chrysomeloidea;Cerambycidae;Cerambycinae;372;
Nathrius brevipennis;(Mulsant, 1839);;Cerambycidae;Cerambycinae;Coleoptera;Chrysomeloidea;Cerambycidae;Cerambycinae;373;
Molorchus minor;(Linnaeus, 1758);;Cerambycidae;Cerambycinae;Coleoptera;Chrysomeloidea;Cerambycidae;Cerambycinae;374;
Glaphyra umbellatarum;(Schreber, 1759);;Cerambycidae;Cerambycinae;Coleoptera;Chrysomeloidea;Cerambycidae;Cerambycinae;375;
Stenopterus rufus;(Linnaeus, 1767);;Cerambycidae;Cerambycinae;Coleoptera;Chrysomeloidea;Cerambycidae;Cerambycinae;376;
Callimus angulatum;(Schrank, 1789);;Cerambycidae;Cerambycinae;Coleoptera;Chrysomeloidea;Cerambycidae;Cerambycinae;377;
Certallum ebulinum;(Linnaeus, 1767);;Cerambycidae;Cerambycinae;Coleoptera;Chrysomeloidea;Cerambycidae;Cerambycinae;378;
Deilus fugax;(Olivier, 1790);;Cerambycidae;Cerambycinae;Coleoptera;Chrysomeloidea;Cerambycidae;Cerambycinae;379;
Aromia moschata;(Linnaeus, 1758);;Cerambycidae;Cerambycinae;Coleoptera;Chrysomeloidea;Cerambycidae;Cerambycinae;380;
Ropalopus clavipes;(Fabricius, 1775);;Cerambycidae;Cerambycinae;Coleoptera;Chrysomeloidea;Cerambycidae;Cerambycinae;381;
Ropalopus femoratus;(Linnaeus, 1758);;Cerambycidae;Cerambycinae;Coleoptera;Chrysomeloidea;Cerambycidae;Cerambycinae;382;
Hylotrupes bajulus;(Linnaeus, 1758);Hylotrupes bajalus;Cerambycidae;Cerambycinae;Coleoptera;Chrysomeloidea;Cerambycidae;Cerambycinae;383;
Callidium aeneum;(De Geer, 1775);;Cerambycidae;Cerambycinae;Coleoptera;Chrysomeloidea;Cerambycidae;Cerambycinae;384;
Callidium violaceum;(Linnaeus, 1758);;Cerambycidae;Cerambycinae;Coleoptera;Chrysomeloidea;Cerambycidae;Cerambycinae;385;
Pyrrhidium sanguineum;(Linnaeus, 1758);;Cerambycidae;Cerambycinae;Coleoptera;Chrysomeloidea;Cerambycidae;Cerambycinae;386;
Phymatodes testaceus;(Linnaeus, 1758);;Cerambycidae;Cerambycinae;Coleoptera;Chrysomeloidea;Cerambycidae;Cerambycinae;387;
Poecilium alni;(Linnaeus, 1767);;Cerambycidae;Cerambycinae;Coleoptera;Chrysomeloidea;Cerambycidae;Cerambycinae;388;
Poecilium fasciatum;(Villers, 1789);;Cerambycidae;Cerambycinae;Coleoptera;Chrysomeloidea;Cerambycidae;Cerambycinae;389;
Poecilium glabratum;(Charpentier, 1825);;Cerambycidae;Cerambycinae;Coleoptera;Chrysomeloidea;Cerambycidae;Cerambycinae;390;
Poecilium lividum;(Rossi, 1794);Phymatoderus lividus;Cerambycidae;Cerambycinae;Coleoptera;Chrysomeloidea;Cerambycidae;Cerambycinae;391;
Poecilium pusillum;(Fabricius, 1787);Phymatoderus pusillus;Cerambycidae;Cerambycinae;Coleoptera;Chrysomeloidea;Cerambycidae;Cerambycinae;392;
Xylotrechus antilope;(Schönherr, 1817);;Cerambycidae;Cerambycinae;Coleoptera;Chrysomeloidea;Cerambycidae;Cerambycinae;393;
Xylotrechus arvicola;(Olivier, 1795);;Cerambycidae;Cerambycinae;Coleoptera;Chrysomeloidea;Cerambycidae;Cerambycinae;394;
Xylotrechus rusticus;(Linnaeus, 1758);Rusticoclytus rusticus;Cerambycidae;Cerambycinae;Coleoptera;Chrysomeloidea;Cerambycidae;Cerambycinae;395;
Clytus arietis;(Linnaeus, 1758);;Cerambycidae;Cerambycinae;Coleoptera;Chrysomeloidea;Cerambycidae;Cerambycinae;396;
Clytus rhamni;Germar, 1817;;Cerambycidae;Cerambycinae;Coleoptera;Chrysomeloidea;Cerambycidae;Cerambycinae;397;
Clytus tropicus;(Panzer, 1795);;Cerambycidae;Cerambycinae;Coleoptera;Chrysomeloidea;Cerambycidae;Cerambycinae;398;
Plagionotus arcuatus;(Linnaeus, 1758);;Cerambycidae;Cerambycinae;Coleoptera;Chrysomeloidea;Cerambycidae;Cerambycinae;399;
Plagionotus detritus;(Linnaeus, 1758);;Cerambycidae;Cerambycinae;Coleoptera;Chrysomeloidea;Cerambycidae;Cerambycinae;400;
Chlorophorus figuratus;(Scopoli, 1763);;Cerambycidae;Cerambycinae;Coleoptera;Chrysomeloidea;Cerambycidae;Cerambycinae;401;
Chlorophorus glabromaculatus;(Goeze, 1777);Chlorophorus pilosus;Cerambycidae;Cerambycinae;Coleoptera;Chrysomeloidea;Cerambycidae;Cerambycinae;402;
Chlorophorus sartor;(Müller, 1766);;Cerambycidae;Cerambycinae;Coleoptera;Chrysomeloidea;Cerambycidae;Cerambycinae;403;
Chlorophorus trifasciatus;(Fabricius, 1781);;Cerambycidae;Cerambycinae;Coleoptera;Chrysomeloidea;Cerambycidae;Cerambycinae;404;
Chlorophorus varius;(Müller, 1766);;Cerambycidae;Cerambycinae;Coleoptera;Chrysomeloidea;Cerambycidae;Cerambycinae;405;
Anaglyptus mysticus;(Linnaeus, 1758);;Cerambycidae;Cerambycinae;Coleoptera;Chrysomeloidea;Cerambycidae;Cerambycinae;406;
Iberodorcadion fuliginator;(Linnaeus, 1758);Dorcadion fuliginator;Cerambycidae;Lamiinae;Coleoptera;Chrysomeloidea;Cerambycidae;Lamiinae;407;
Mesosa curculionoides;(Linnaeus, 1761);;Cerambycidae;Lamiinae;Coleoptera;Chrysomeloidea;Cerambycidae;Lamiinae;408;
Mesosa nebulosa;(Fabricius, 1781);Aphelocnemia nebulosa;Cerambycidae;Lamiinae;Coleoptera;Chrysomeloidea;Cerambycidae;Lamiinae;409;
Agapanthia asphodeli;(Latreille, 1804);;Cerambycidae;Lamiinae;Coleoptera;Chrysomeloidea;Cerambycidae;Lamiinae;410;
Agapanthia cardui;(Linnaeus, 1767);;Cerambycidae;Lamiinae;Coleoptera;Chrysomeloidea;Cerambycidae;Lamiinae;411;
Agapanthia dahli;(Richter, 1821);;Cerambycidae;Lamiinae;Coleoptera;Chrysomeloidea;Cerambycidae;Lamiinae;412;
Agapanthia intermedia;(Ganglbauer, 1884);;Cerambycidae;Lamiinae;Coleoptera;Chrysomeloidea;Cerambycidae;Lamiinae;413;
Agapanthia villosoviridescens;(De Geer, 1775);;Cerambycidae;Lamiinae;Coleoptera;Chrysomeloidea;Cerambycidae;Lamiinae;414;
Calamobius filum;(Rossi, 1790);;Cerambycidae;Lamiinae;Coleoptera;Chrysomeloidea;Cerambycidae;Lamiinae;415;
Morimus asper;(Sulzer, 1776);;Cerambycidae;Lamiinae;Coleoptera;Chrysomeloidea;Cerambycidae;Lamiinae;416;
Lamia textor;(Linnaeus, 1758);;Cerambycidae;Lamiinae;Coleoptera;Chrysomeloidea;Cerambycidae;Lamiinae;417;
Monochamus galloprovincialis;(Olivier, 1795);;Cerambycidae;Lamiinae;Coleoptera;Chrysomeloidea;Cerambycidae;Lamiinae;418;
Monochamus sartor;(Fabricius, 1767) ;;Cerambycidae;Lamiinae;Coleoptera;Chrysomeloidea;Cerambycidae;Lamiinae;419;
Monochamus sutor;(Linnaeus, 1758);;Cerambycidae;Lamiinae;Coleoptera;Chrysomeloidea;Cerambycidae;Lamiinae;420;
Anaesthetis testacea;(Fabricius, 1781);;Cerambycidae;Lamiinae;Coleoptera;Chrysomeloidea;Cerambycidae;Lamiinae;421;
Pogonocherus caroli;(Mulsant, 1862);Eupogonocherus caroli;Cerambycidae;Lamiinae;Coleoptera;Chrysomeloidea;Cerambycidae;Lamiinae;422;
Pogonocherus decoratus;(Fairmaire, 1855);;Cerambycidae;Lamiinae;Coleoptera;Chrysomeloidea;Cerambycidae;Lamiinae;423;
Pogonocherus fasciculatus;(De Geer, 1775);;Cerambycidae;Lamiinae;Coleoptera;Chrysomeloidea;Cerambycidae;Lamiinae;424;
Pogonocherus hispidulus;(Piller & Mitterpacher, 1783);Eupogonocherus hispidulus;Cerambycidae;Lamiinae;Coleoptera;Chrysomeloidea;Cerambycidae;Lamiinae;425;
Pogonocherus hispidus;(Linnaeus, 1758);Eupogonocherus hispidus;Cerambycidae;Lamiinae;Coleoptera;Chrysomeloidea;Cerambycidae;Lamiinae;426;
Pogonocherus ovatus;(Goeze, 1777);;Cerambycidae;Lamiinae;Coleoptera;Chrysomeloidea;Cerambycidae;Lamiinae;427;
Acanthocinus aedilis;(Linnaeus, 1758);;Cerambycidae;Lamiinae;Coleoptera;Chrysomeloidea;Cerambycidae;Lamiinae;428;
Acanthocinus griseus;(Fabricius, 1792);;Cerambycidae;Lamiinae;Coleoptera;Chrysomeloidea;Cerambycidae;Lamiinae;429;
Acanthocinus reticulatus;(Razoumowsky, 1789);;Cerambycidae;Lamiinae;Coleoptera;Chrysomeloidea;Cerambycidae;Lamiinae;430;
Leiopus femoratus;(Fairmaire, 1859);;Cerambycidae;Lamiinae;Coleoptera;Chrysomeloidea;Cerambycidae;Lamiinae;431;
Leiopus nebulosus;(Linnaeus, 1758);;Cerambycidae;Lamiinae;Coleoptera;Chrysomeloidea;Cerambycidae;Lamiinae;432;
Leiopus punctulatus;(Paykull, 1800);;Cerambycidae;Lamiinae;Coleoptera;Chrysomeloidea;Cerambycidae;Lamiinae;433;
Exocentrus adspersus;Mulsant, 1846;;Cerambycidae;Lamiinae;Coleoptera;Chrysomeloidea;Cerambycidae;Lamiinae;434;
Exocentrus lusitanus;(Linnaeus, 1767);;Cerambycidae;Lamiinae;Coleoptera;Chrysomeloidea;Cerambycidae;Lamiinae;435;
Exocentrus punctipennis;Mulsant et Guillebeau, 1856;;Cerambycidae;Lamiinae;Coleoptera;Chrysomeloidea;Cerambycidae;Lamiinae;436;
Aegomorphus clavipes;(Schrank, 1781);;Cerambycidae;Lamiinae;Coleoptera;Chrysomeloidea;Cerambycidae;Lamiinae;437;
Saperda carcharias;(Linnaeus, 1758);Anaerea carcharias;Cerambycidae;Lamiinae;Coleoptera;Chrysomeloidea;Cerambycidae;Lamiinae;438;
Saperda perforata;(Pallas, 1773);;Cerambycidae;Lamiinae;Coleoptera;Chrysomeloidea;Cerambycidae;Lamiinae;439;
Saperda populnea;(Linnaeus, 1758);Compsidia populnea;Cerambycidae;Lamiinae;Coleoptera;Chrysomeloidea;Cerambycidae;Lamiinae;440;
Saperda punctata;(Linnaeus, 1767);;Cerambycidae;Lamiinae;Coleoptera;Chrysomeloidea;Cerambycidae;Lamiinae;441;
Saperda scalaris;(Linnaeus, 1758);;Cerambycidae;Lamiinae;Coleoptera;Chrysomeloidea;Cerambycidae;Lamiinae;442;
Saperda similis;(Laicharting, 1784);;Cerambycidae;Lamiinae;Coleoptera;Chrysomeloidea;Cerambycidae;Lamiinae;443;
Stenostola dubia;(Laicharting, 1784);;Cerambycidae;Lamiinae;Coleoptera;Chrysomeloidea;Cerambycidae;Lamiinae;444;
Musaria rubropunctata;(Goeze, 1777);;Cerambycidae;Lamiinae;Coleoptera;Chrysomeloidea;Cerambycidae;Lamiinae;445;
Opsilia coerulescens;(Scopoli, 1763);;Cerambycidae;Lamiinae;Coleoptera;Chrysomeloidea;Cerambycidae;Lamiinae;446;
Phytoecia cylindrica;(Linnaeus, 1758);;Cerambycidae;Lamiinae;Coleoptera;Chrysomeloidea;Cerambycidae;Lamiinae;447;
Phytoecia icterica;(Schaller, 1783);;Cerambycidae;Lamiinae;Coleoptera;Chrysomeloidea;Cerambycidae;Lamiinae;448;
Phytoecia nigricornis;(Fabricius, 1781);;Cerambycidae;Lamiinae;Coleoptera;Chrysomeloidea;Cerambycidae;Lamiinae;449;
Phytoecia pustulata;(Schrank, 1776);;Cerambycidae;Lamiinae;Coleoptera;Chrysomeloidea;Cerambycidae;Lamiinae;450;
Oberea oculata;(Linnaeus, 1758);;Cerambycidae;Lamiinae;Coleoptera;Chrysomeloidea;Cerambycidae;Lamiinae;451;
Oberea pupillata;(Gyllenhal, 1817);;Cerambycidae;Lamiinae;Coleoptera;Chrysomeloidea;Cerambycidae;Lamiinae;452;
Oberea linearis;(Linnaeus, 1761);;Cerambycidae;Lamiinae;Coleoptera;Chrysomeloidea;Cerambycidae;Lamiinae;453;
Oberea erythrocephala;(Schrank, 1776);;Cerambycidae;Lamiinae;Coleoptera;Chrysomeloidea;Cerambycidae;Lamiinae;454;
Tetrops praeustus;(Linnaeus, 1758);Tetrops praeusta;Cerambycidae;Lamiinae;Coleoptera;Chrysomeloidea;Cerambycidae;Lamiinae;455;
Rhagades pruni;(Denis & Schiffermüller, 1775);;Zygaenidae;Procridinae;Lepidoptera;Zygaenoidea;Zygaenidae;Procridinae;456;
Jordanita globulariae;(Hübner, 1793);;Zygaenidae;Procridinae;Lepidoptera;Zygaenoidea;Zygaenidae;Procridinae;457;
Adscita mannii;(Lederer, 1853);;Zygaenidae;Procridinae;Lepidoptera;Zygaenoidea;Zygaenidae;Procridinae;458;
Adscita statices;(Linnaeus, 1758);;Zygaenidae;Procridinae;Lepidoptera;Zygaenoidea;Zygaenidae;Procridinae;459;
Aglaope infausta;(Linnaeus, 1767);;Zygaenidae;Chalcosiinae;Lepidoptera;Zygaenoidea;Zygaenidae;Chalcosiinae;460;
Zygaena sarpedon;(Hübner, 1790);;Zygaenidae;Zygaeninae;Lepidoptera;Zygaenoidea;Zygaenidae;Zygaeninae;461;
Zygaena carniolica;(Scopoli, 1763);;Zygaenidae;Zygaeninae;Lepidoptera;Zygaenoidea;Zygaenidae;Zygaeninae;462;
Zygaena loti;(Denis & Schiffermüller, 1775);;Zygaenidae;Zygaeninae;Lepidoptera;Zygaenoidea;Zygaenidae;Zygaeninae;463;
Zygaena ephialtes;(Linnaeus, 1767);;Zygaenidae;Zygaeninae;Lepidoptera;Zygaenoidea;Zygaenidae;Zygaeninae;464;
Zygaena transalpina;(Esper, 1780);;Zygaenidae;Zygaeninae;Lepidoptera;Zygaenoidea;Zygaenidae;Zygaeninae;465;
Zygaena filipendulae;(Linnaeus, 1758);;Zygaenidae;Zygaeninae;Lepidoptera;Zygaenoidea;Zygaenidae;Zygaeninae;466;
Zygaena trifolii;(Esper, 1783);;Zygaenidae;Zygaeninae;Lepidoptera;Zygaenoidea;Zygaenidae;Zygaeninae;467;
Trichiura crataegi;(Linnaeus, 1758);;Hétérocères;Lasiocampiidae;Lepidoptera;Lasiocampoidea;Lasiocampiidae;;468;
Poecilocampa populi;(Linnaeus, 1758);;Hétérocères;Lasiocampiidae;Lepidoptera;Lasiocampoidea;Lasiocampiidae;;469;
Eriogaster lanestris;(Linnaeus, 1758);;Hétérocères;Lasiocampiidae;Lepidoptera;Lasiocampoidea;Lasiocampiidae;;470;
Eriogaster rimicola;(Denis & Schiffermüller, 1775);;Hétérocères;Lasiocampiidae;Lepidoptera;Lasiocampoidea;Lasiocampiidae;;471;
Eriogaster catax;(Linnaeus, 1758);;Hétérocères;Lasiocampiidae;Lepidoptera;Lasiocampoidea;Lasiocampiidae;;472;
Malacosoma neustria;(Linnaeus, 1758);;Hétérocères;Lasiocampiidae;Lepidoptera;Lasiocampoidea;Lasiocampiidae;;473;
Malacosoma castrensis;(Linnaeus, 1758);;Hétérocères;Lasiocampiidae;Lepidoptera;Lasiocampoidea;Lasiocampiidae;;474;
Malacosoma franconica;(Denis & Schiffermüller, 1775);;Hétérocères;Lasiocampiidae;Lepidoptera;Lasiocampoidea;Lasiocampiidae;;475;
Lasiocampa trifolii;(Denis & Schiffermüller, 1775);;Hétérocères;Lasiocampiidae;Lepidoptera;Lasiocampoidea;Lasiocampiidae;;476;
Lasiocampa quercus;(Linnaeus, 1758);;Hétérocères;Lasiocampiidae;Lepidoptera;Lasiocampoidea;Lasiocampiidae;;477;
Macrothylacia rubi;(Linnaeus, 1758);;Hétérocères;Lasiocampiidae;Lepidoptera;Lasiocampoidea;Lasiocampiidae;;478;
Dendrolimus pini;(Linnaeus, 1758);;Hétérocères;Lasiocampiidae;Lepidoptera;Lasiocampoidea;Lasiocampiidae;;479;
Odonestis pruni;(Linnaeus, 1758);;Hétérocères;Lasiocampiidae;Lepidoptera;Lasiocampoidea;Lasiocampiidae;;480;
Euthrix potatoria;(Linnaeus, 1758);;Hétérocères;Lasiocampiidae;Lepidoptera;Lasiocampoidea;Lasiocampiidae;;481;
Phyllodesma ilicifolia;(Linnaeus, 1758);;Hétérocères;Lasiocampiidae;Lepidoptera;Lasiocampoidea;Lasiocampiidae;;482;
Phyllodesma tremulifolia;(Hübner, 1810);;Hétérocères;Lasiocampiidae;Lepidoptera;Lasiocampoidea;Lasiocampiidae;;483;
Gastropacha quercifolia;(Linnaeus, 1758);;Hétérocères;Lasiocampiidae;Lepidoptera;Lasiocampoidea;Lasiocampiidae;;484;
Gastropacha populifolia;(Denis & Schiffermüller, 1775);;Hétérocères;Lasiocampiidae;Lepidoptera;Lasiocampoidea;Lasiocampiidae;;485;
Endromis versicolora;(Linnaeus, 1758);;Hétérocères;Bombycoidea;Lepidoptera;Bombycoidea;Endromidae;;486;
Aglia tau;(Linnaeus, 1758);;Hétérocères;Bombycoidea;Lepidoptera;Bombycoidea;Saturniidae;;487;
Saturnia pyri;(Denis & Schiffermüller, 1775);;Hétérocères;Bombycoidea;Lepidoptera;Bombycoidea;Saturniidae;;488;
Saturnia pavonia;(Linnaeus, 1758);;Hétérocères;Bombycoidea;Lepidoptera;Bombycoidea;Saturniidae;;489;
Lemonia dumi;(Linnaeus, 1761);;Hétérocères;Bombycoidea;Lepidoptera;Bombycoidea;Brahmaeidae;;490;
Marumba quercus;(Denis & Schiffermüller, 1775);;Hétérocères;Bombycoidea;Lepidoptera;Bombycoidea;Sphingiidae;;491;
Mimas tiliae;(Linnaeus, 1758);;Hétérocères;Bombycoidea;Lepidoptera;Bombycoidea;Sphingiidae;;492;
Smerinthus ocellata;(Linnaeus, 1758);;Hétérocères;Bombycoidea;Lepidoptera;Bombycoidea;Sphingiidae;;493;
Laothoe populi;(Linnaeus, 1758);;Hétérocères;Bombycoidea;Lepidoptera;Bombycoidea;Sphingiidae;;494;
Agrius convolvuli;(Linnaeus, 1758);;Hétérocères;Bombycoidea;Lepidoptera;Bombycoidea;Sphingiidae;;495;
Acherontia atropos;(Linnaeus, 1758);;Hétérocères;Bombycoidea;Lepidoptera;Bombycoidea;Sphingiidae;;496;
Sphinx ligustri;Linnaeus, 1758;;Hétérocères;Bombycoidea;Lepidoptera;Bombycoidea;Sphingiidae;;497;
Sphinx pinastri;Linnaeus, 1758;;Hétérocères;Bombycoidea;Lepidoptera;Bombycoidea;Sphingiidae;;498;
Sphinx maurorum;(Jordan, 1931);;Hétérocères;Bombycoidea;Lepidoptera;Bombycoidea;Sphingiidae;;499;
Hemaris tityus;(Linnaeus, 1758);;Hétérocères;Bombycoidea;Lepidoptera;Bombycoidea;Sphingiidae;;500;
Hemaris fuciformis;(Linnaeus, 1758);;Hétérocères;Bombycoidea;Lepidoptera;Bombycoidea;Sphingiidae;;501;
Proserpinus proserpina;(Pallas, 1772);;Hétérocères;Bombycoidea;Lepidoptera;Bombycoidea;Sphingiidae;;502;
Macroglossum stellatarum;(Linnaeus, 1758);;Hétérocères;Bombycoidea;Lepidoptera;Bombycoidea;Sphingiidae;;503;
Daphnis nerii;(Linnaeus, 1758);;Hétérocères;Bombycoidea;Lepidoptera;Bombycoidea;Sphingiidae;;504;
Hyles euphorbiae;(Linnaeus, 1758);;Hétérocères;Bombycoidea;Lepidoptera;Bombycoidea;Sphingiidae;;505;
Hyles galii;(Rottemburg, 1775);;Hétérocères;Bombycoidea;Lepidoptera;Bombycoidea;Sphingiidae;;506;
Hyles livornica;(Esper, 1779);;Hétérocères;Bombycoidea;Lepidoptera;Bombycoidea;Sphingiidae;;507;
Deilephila elpenor;(Linnaeus, 1758);;Hétérocères;Bombycoidea;Lepidoptera;Bombycoidea;Sphingiidae;;508;
Deilephila porcellus;(Linnaeus, 1758);;Hétérocères;Bombycoidea;Lepidoptera;Bombycoidea;Sphingiidae;;509;
Hippotion celerio;(Linnaeus, 1758);;Hétérocères;Bombycoidea;Lepidoptera;Bombycoidea;Sphingiidae;;510;
Erynnis tages;(Linnaeus, 1758);;Rhopalocères;Hesperiidae;Lepidoptera;Papilionoidea;Hesperiidae;;511;
Carcharodus alceae;(Esper, 1780);;Rhopalocères;Hesperiidae;Lepidoptera;Papilionoidea;Hesperiidae;;512;
Carcharodus flocciferus;(Zeller, 1847);;Rhopalocères;Hesperiidae;Lepidoptera;Papilionoidea;Hesperiidae;;513;
Spialia sertorius;(Hoffmannsegg, 1804);;Rhopalocères;Hesperiidae;Lepidoptera;Papilionoidea;Hesperiidae;;514;
Pyrgus malvae;(Linnaeus, 1758);;Rhopalocères;Hesperiidae;Lepidoptera;Papilionoidea;Hesperiidae;;515;
Pyrgus armoricanus;Oberthür, 1910;;Rhopalocères;Hesperiidae;Lepidoptera;Papilionoidea;Hesperiidae;;516;
Pyrgus alveus;(Hübner, [1803]);;Rhopalocères;Hesperiidae;Lepidoptera;Papilionoidea;Hesperiidae;;517;
Pyrgus serratulae;(Rambur, [1839]);;Rhopalocères;Hesperiidae;Lepidoptera;Papilionoidea;Hesperiidae;;518;
Pyrgus cirsii;(Rambur, [1839]);;Rhopalocères;Hesperiidae;Lepidoptera;Papilionoidea;Hesperiidae;;519;
Pyrgus carthami;(Hübner, [1813]);;Rhopalocères;Hesperiidae;Lepidoptera;Papilionoidea;Hesperiidae;;520;
Carterocephalus palaemon;(Pallas, 1771);;Rhopalocères;Hesperiidae;Lepidoptera;Papilionoidea;Hesperiidae;;521;
Heteropterus morpheus;(Pallas, 1771);;Rhopalocères;Hesperiidae;Lepidoptera;Papilionoidea;Hesperiidae;;522;
Thymelicus sylvestris;(Poda, 1761);;Rhopalocères;Hesperiidae;Lepidoptera;Papilionoidea;Hesperiidae;;523;
Thymelicus lineolus;(Ochsenheimer, 1808);;Rhopalocères;Hesperiidae;Lepidoptera;Papilionoidea;Hesperiidae;;524;
Thymelicus acteon;(Rottemburg, 1775);;Rhopalocères;Hesperiidae;Lepidoptera;Papilionoidea;Hesperiidae;;525;
Hesperia comma;(Linnaeus, 1758);;Rhopalocères;Hesperiidae;Lepidoptera;Papilionoidea;Hesperiidae;;526;
Ochlodes venatus;(Bremer & Gray, 1853);;Rhopalocères;Hesperiidae;Lepidoptera;Papilionoidea;Hesperiidae;;527;
Iphiclides podalirius;(Linnaeus, 1758);;Rhopalocères;Papilionidae;Lepidoptera;Papilionoidea;Papilionidae;;528;
Papilio machaon;Linnaeus, 1758;;Rhopalocères;Papilionidae;Lepidoptera;Papilionoidea;Papilionidae;;529;
Leptidea sinapis;(Linnaeus, 1758);;Rhopalocères;Pieridae;Lepidoptera;Papilionoidea;Pieridae;;530;
Aporia crataegi;(Linnaeus, 1758);;Rhopalocères;Pieridae;Lepidoptera;Papilionoidea;Pieridae;;531;
Pieris brassicae;(Linnaeus, 1758);;Rhopalocères;Pieridae;Lepidoptera;Papilionoidea;Pieridae;;532;
Pieris rapae;(Linnaeus, 1758);;Rhopalocères;Pieridae;Lepidoptera;Papilionoidea;Pieridae;;533;
Pieris mannii;Mayer, 1851;;Rhopalocères;Pieridae;Lepidoptera;Papilionoidea;Pieridae;;534;
Pieris napi;(Linnaeus, 1758);;Rhopalocères;Pieridae;Lepidoptera;Papilionoidea;Pieridae;;535;
Pontia daplidice;(Linnaeus, 1758);;Rhopalocères;Pieridae;Lepidoptera;Papilionoidea;Pieridae;;536;
Anthocharis cardamines;(Linnaeus, 1758);;Rhopalocères;Pieridae;Lepidoptera;Papilionoidea;Pieridae;;537;
Euchloe crameri;Butler, 1869;;Rhopalocères;Pieridae;Lepidoptera;Papilionoidea;Pieridae;;538;
Colias hyale;(Linnaeus, 1758);;Rhopalocères;Pieridae;Lepidoptera;Papilionoidea;Pieridae;;539;
Colias alfacariensis;Ribbe, 1905;;Rhopalocères;Pieridae;Lepidoptera;Papilionoidea;Pieridae;;540;
Colias crocea;(Fourcroy, 1785);;Rhopalocères;Pieridae;Lepidoptera;Papilionoidea;Pieridae;;541;
Gonepteryx cleopatra;(Linnaeus, 1767);;Rhopalocères;Pieridae;Lepidoptera;Papilionoidea;Pieridae;;542;
Gonepteryx rhamni;(Linnaeus, 1758);;Rhopalocères;Pieridae;Lepidoptera;Papilionoidea;Pieridae;;543;
Hamearis lucina;(Linnaeus, 1758);;Rhopalocères;Riodinidae;Lepidoptera;Papilionoidea;Riodinidae;;544;
Thecla betulae;(Linnaeus, 1758);;Rhopalocères;Lycaenidae;Lepidoptera;Papilionoidea;Lycaenidae;;545;
Neozephyrus quercus;(Linnaeus, 1758);;Rhopalocères;Lycaenidae;Lepidoptera;Papilionoidea;Lycaenidae;;546;
Satyrium acaciae;(Fabricius, 1787);;Rhopalocères;Lycaenidae;Lepidoptera;Papilionoidea;Lycaenidae;;547;
Satyrium ilicis;(Esper, 1779);;Rhopalocères;Lycaenidae;Lepidoptera;Papilionoidea;Lycaenidae;;548;
Satyrium w-album;(Knoch, 1782);;Rhopalocères;Lycaenidae;Lepidoptera;Papilionoidea;Lycaenidae;;549;
Satyrium pruni;(Linnaeus, 1758);;Rhopalocères;Lycaenidae;Lepidoptera;Papilionoidea;Lycaenidae;;550;
Satyrium spini;(Denis & Schiffermüller, 1775);;Rhopalocères;Lycaenidae;Lepidoptera;Papilionoidea;Lycaenidae;;551;
Callophrys rubi;(Linnaeus, 1758);;Rhopalocères;Lycaenidae;Lepidoptera;Papilionoidea;Lycaenidae;;552;
Lycaena phlaeas;(Linnaeus, 1761);;Rhopalocères;Lycaenidae;Lepidoptera;Papilionoidea;Lycaenidae;;553;
Heodes tityrus;(Poda, 1761);;Rhopalocères;Lycaenidae;Lepidoptera;Papilionoidea;Lycaenidae;;554;
Thersamolycaena dispar;(Haworth, 1803);;Rhopalocères;Lycaenidae;Lepidoptera;Papilionoidea;Lycaenidae;;555;
Leptotes pirithous;(Linnaeus, 1767);;Rhopalocères;Lycaenidae;Lepidoptera;Papilionoidea;Lycaenidae;;556;
Lampides boeticus;(Linnaeus, 1767);;Rhopalocères;Lycaenidae;Lepidoptera;Papilionoidea;Lycaenidae;;557;
Cacyreus marshalli;Butler, [1898];;Rhopalocères;Lycaenidae;Lepidoptera;Papilionoidea;Lycaenidae;;558;
Everes argiades;(Pallas, 1771);;Rhopalocères;Lycaenidae;Lepidoptera;Papilionoidea;Lycaenidae;;559;
Everes alcetas;(Hoffmannsegg, 1804);;Rhopalocères;Lycaenidae;Lepidoptera;Papilionoidea;Lycaenidae;;560;
Cupido minimus;(Fuessly, 1775);;Rhopalocères;Lycaenidae;Lepidoptera;Papilionoidea;Lycaenidae;;561;
Celastrina argiolus;(Linnaeus, 1758);;Rhopalocères;Lycaenidae;Lepidoptera;Papilionoidea;Lycaenidae;;562;
Glaucopsyche alexis;(Poda, 1761);;Rhopalocères;Lycaenidae;Lepidoptera;Papilionoidea;Lycaenidae;;563;
Maculinea alcon;(Denis & Schiffermüller, 1775);;Rhopalocères;Lycaenidae;Lepidoptera;Papilionoidea;Lycaenidae;;564;
Maculinea arion;(Linnaeus, 1758);;Rhopalocères;Lycaenidae;Lepidoptera;Papilionoidea;Lycaenidae;;565;
Maculinea telejus;(Bergsträsser, [1779]);;Rhopalocères;Lycaenidae;Lepidoptera;Papilionoidea;Lycaenidae;;566;
Pseudophilotes baton;(Bergsträsser, [1779]);;Rhopalocères;Lycaenidae;Lepidoptera;Papilionoidea;Lycaenidae;;567;
Cyaniris semiargus;(Rottemburg, 1775);;Rhopalocères;Lycaenidae;Lepidoptera;Papilionoidea;Lycaenidae;;568;
Polyommatus thersites;Cantener, 1834;;Rhopalocères;Lycaenidae;Lepidoptera;Papilionoidea;Lycaenidae;;569;
Polyommatus escheri;(Hübner, [1823]);;Rhopalocères;Lycaenidae;Lepidoptera;Papilionoidea;Lycaenidae;;570;
Polyommatus coridon;(Poda, 1761);;Rhopalocères;Lycaenidae;Lepidoptera;Papilionoidea;Lycaenidae;;571;
Polyommatus bellargus;(Rottemburg, 1775);;Rhopalocères;Lycaenidae;Lepidoptera;Papilionoidea;Lycaenidae;;572;
Polyommatus icarus;(Rottemburg, 1775);;Rhopalocères;Lycaenidae;Lepidoptera;Papilionoidea;Lycaenidae;;573;
Aricia agestis;(Denis & Schiffermüller, 1775);;Rhopalocères;Lycaenidae;Lepidoptera;Papilionoidea;Lycaenidae;;574;
Plebejus argus;(Linnaeus, 1758);;Rhopalocères;Lycaenidae;Lepidoptera;Papilionoidea;Lycaenidae;;575;
Plebejus idas;(Linnaeus, 1761);;Rhopalocères;Lycaenidae;Lepidoptera;Papilionoidea;Lycaenidae;;576;
Plebejus argyrognomon;(Bergsträsser, [1779]);;Rhopalocères;Lycaenidae;Lepidoptera;Papilionoidea;Lycaenidae;;577;
Danaus plexippus;(Linnaeus, 1758);;Rhopalocères;Nymphalidae;Lepidoptera;Papilionoidea;Nymphalidae;;578;
Pararge aegeria;(Linnaeus, 1758);;Rhopalocères;Nymphalidae;Lepidoptera;Papilionoidea;Nymphalidae;;579;
Lasiommata megera;(Linnaeus, 1767);;Rhopalocères;Nymphalidae;Lepidoptera;Papilionoidea;Nymphalidae;;580;
Lasiommata maera;(Linnaeus, 1758);;Rhopalocères;Nymphalidae;Lepidoptera;Papilionoidea;Nymphalidae;;581;
Lopinga achine;(Scopoli, 1763);;Rhopalocères;Nymphalidae;Lepidoptera;Papilionoidea;Nymphalidae;;582;
Coenonympha arcania;(Linnaeus, 1761);;Rhopalocères;Nymphalidae;Lepidoptera;Papilionoidea;Nymphalidae;;583;
Coenonympha pamphilus;(Linnaeus, 1758);;Rhopalocères;Nymphalidae;Lepidoptera;Papilionoidea;Nymphalidae;;584;
Coenonympha oedippus;(Fabricius, 1787);;Rhopalocères;Nymphalidae;Lepidoptera;Papilionoidea;Nymphalidae;;585;
Pyronia tithonus;(Linnaeus, 1771);;Rhopalocères;Nymphalidae;Lepidoptera;Papilionoidea;Nymphalidae;;586;
Aphantopus hyperantus;(Linnaeus, 1758);;Rhopalocères;Nymphalidae;Lepidoptera;Papilionoidea;Nymphalidae;;587;
Maniola jurtina;(Linnaeus, 1758);;Rhopalocères;Nymphalidae;Lepidoptera;Papilionoidea;Nymphalidae;;588;
Melanargia galathea;(Linnaeus, 1758);;Rhopalocères;Nymphalidae;Lepidoptera;Papilionoidea;Nymphalidae;;589;
Brintesia circe;(Fabricius, 1775);;Rhopalocères;Nymphalidae;Lepidoptera;Papilionoidea;Nymphalidae;;590;
Minois dryas;(Scopoli, 1763);;Rhopalocères;Nymphalidae;Lepidoptera;Papilionoidea;Nymphalidae;;591;
Arethusana arethusa;(Denis & Schiffermüller, 1775);;Rhopalocères;Nymphalidae;Lepidoptera;Papilionoidea;Nymphalidae;;592;
Chazara briseis;(Linnaeus, 1764);;Rhopalocères;Nymphalidae;Lepidoptera;Papilionoidea;Nymphalidae;;593;
Pseudotergumia fidia;(Linnaeus, 1767);;Rhopalocères;Nymphalidae;Lepidoptera;Papilionoidea;Nymphalidae;;594;
Neohipparchia statilinus;(Hufnagel, 1766);;Rhopalocères;Nymphalidae;Lepidoptera;Papilionoidea;Nymphalidae;;595;
Hipparchia semele;(Linnaeus, 1758);;Rhopalocères;Nymphalidae;Lepidoptera;Papilionoidea;Nymphalidae;;596;
Hipparchia fagi;(Scopoli, 1763);;Rhopalocères;Nymphalidae;Lepidoptera;Papilionoidea;Nymphalidae;;597;
Apatura iris;(Linnaeus, 1758);;Rhopalocères;Nymphalidae;Lepidoptera;Papilionoidea;Nymphalidae;;598;
Apatura ilia;(Denis & Schiffermüller, 1775);;Rhopalocères;Nymphalidae;Lepidoptera;Papilionoidea;Nymphalidae;;599;
Argynnis paphia;(Linnaeus, 1758);;Rhopalocères;Nymphalidae;Lepidoptera;Papilionoidea;Nymphalidae;;600;
Pandoriana pandora;(Denis & Schiffermüller, 1775);;Rhopalocères;Nymphalidae;Lepidoptera;Papilionoidea;Nymphalidae;;601;
Speyeria aglaja;(Linnaeus, 1758);;Rhopalocères;Nymphalidae;Lepidoptera;Papilionoidea;Nymphalidae;;602;
Fabriciana adippe;(Denis & Schiffermüller, 1775);;Rhopalocères;Nymphalidae;Lepidoptera;Papilionoidea;Nymphalidae;;603;
Fabriciana niobe;(Linnaeus, 1758);;Rhopalocères;Nymphalidae;Lepidoptera;Papilionoidea;Nymphalidae;;604;
Issoria lathonia;(Linnaeus, 1758);;Rhopalocères;Nymphalidae;Lepidoptera;Papilionoidea;Nymphalidae;;605;
Brenthis daphne;(Denis & Schiffermüller, 1775);;Rhopalocères;Nymphalidae;Lepidoptera;Papilionoidea;Nymphalidae;;606;
Brenthis ino;(Rottemburg, 1775);;Rhopalocères;Nymphalidae;Lepidoptera;Papilionoidea;Nymphalidae;;607;
Clossiana selene;(Denis & Schiffermüller, 1775);;Rhopalocères;Nymphalidae;Lepidoptera;Papilionoidea;Nymphalidae;;608;
Clossiana euphrosyne;(Linnaeus, 1758);;Rhopalocères;Nymphalidae;Lepidoptera;Papilionoidea;Nymphalidae;;609;
Clossiana dia;(Linnaeus, 1767);;Rhopalocères;Nymphalidae;Lepidoptera;Papilionoidea;Nymphalidae;;610;
Limenitis populi;(Linnaeus, 1758);;Rhopalocères;Nymphalidae;Lepidoptera;Papilionoidea;Nymphalidae;;611;
Ladoga camilla;(Linnaeus, 1764);;Rhopalocères;Nymphalidae;Lepidoptera;Papilionoidea;Nymphalidae;;612;
Azuritis reducta;(Staudinger, 1901);;Rhopalocères;Nymphalidae;Lepidoptera;Papilionoidea;Nymphalidae;;613;
Nymphalis polychloros;(Linnaeus, 1758);;Rhopalocères;Nymphalidae;Lepidoptera;Papilionoidea;Nymphalidae;;614;
Nymphalis antiopa;(Linnaeus, 1758);;Rhopalocères;Nymphalidae;Lepidoptera;Papilionoidea;Nymphalidae;;615;
Inachis io;(Linnaeus, 1758);;Rhopalocères;Nymphalidae;Lepidoptera;Papilionoidea;Nymphalidae;;616;
Vanessa atalanta;(Linnaeus, 1758);;Rhopalocères;Nymphalidae;Lepidoptera;Papilionoidea;Nymphalidae;;617;
Cynthia cardui;(Linnaeus, 1758);;Rhopalocères;Nymphalidae;Lepidoptera;Papilionoidea;Nymphalidae;;618;
Cynthia virginiensis;(Drury, [1773]);;Rhopalocères;Nymphalidae;Lepidoptera;Papilionoidea;Nymphalidae;;619;
Aglais urticae;(Linnaeus, 1758);;Rhopalocères;Nymphalidae;Lepidoptera;Papilionoidea;Nymphalidae;;620;
Polygonia c-album;(Linnaeus, 1758);;Rhopalocères;Nymphalidae;Lepidoptera;Papilionoidea;Nymphalidae;;621;
Araschnia levana;(Linnaeus, 1758);;Rhopalocères;Nymphalidae;Lepidoptera;Papilionoidea;Nymphalidae;;622;
Melitaea cinxia;(Linnaeus, 1758);;Rhopalocères;Nymphalidae;Lepidoptera;Papilionoidea;Nymphalidae;;623;
Melitaea diamina;(Lang, 1789);;Rhopalocères;Nymphalidae;Lepidoptera;Papilionoidea;Nymphalidae;;624;
Cinclidia phoebe;(Denis & Schiffermüller, 1775);;Rhopalocères;Nymphalidae;Lepidoptera;Papilionoidea;Nymphalidae;;625;
Didymaeformia didyma;(Esper, 1778);;Rhopalocères;Nymphalidae;Lepidoptera;Papilionoidea;Nymphalidae;;626;
Mellicta athalia;(Rottemburg, 1775);;Rhopalocères;Nymphalidae;Lepidoptera;Papilionoidea;Nymphalidae;;627;
Mellicta parthenoides;(Keferstein, 1851);;Rhopalocères;Nymphalidae;Lepidoptera;Papilionoidea;Nymphalidae;;628;
Mellicta aurelia;(Nickerl, 1850);;Rhopalocères;Nymphalidae;Lepidoptera;Papilionoidea;Nymphalidae;;629;
Euphydryas aurinia;(Rottemburg, 1775);;Rhopalocères;Nymphalidae;Lepidoptera;Papilionoidea;Nymphalidae;;630;
Habrosyne pyritoides;(Hufnagel, 1766);;Hétérocères;Drepanidae;Lepidoptera;Drepanoidea;Drepanidae;;631;
Thyatira batis;(Linnaeus, 1758);;Hétérocères;Drepanidae;Lepidoptera;Drepanoidea;Drepanidae;;632;
Tethea ocularis;(Linnaeus, 1767);;Hétérocères;Drepanidae;Lepidoptera;Drepanoidea;Drepanidae;;633;
Tethea or;(Denis & Schiffermüller, 1775);;Hétérocères;Drepanidae;Lepidoptera;Drepanoidea;Drepanidae;;634;
Tetheella fluctuosa;(Hübner, 1803);;Hétérocères;Drepanidae;Lepidoptera;Drepanoidea;Drepanidae;;635;
Ochropacha duplaris;(Linnaeus, 1761);;Hétérocères;Drepanidae;Lepidoptera;Drepanoidea;Drepanidae;;636;
Cymatophorina diluta;(Denis & Schiffermüller, 1775);Cymatophorima diluta;Hétérocères;Drepanidae;Lepidoptera;Drepanoidea;Drepanidae;;637;
Achlya flavicornis;(Linnaeus, 1758);;Hétérocères;Drepanidae;Lepidoptera;Drepanoidea;Drepanidae;;638;
Polyploca ridens;(Fabricius, 1787);;Hétérocères;Drepanidae;Lepidoptera;Drepanoidea;Drepanidae;;639;
Drepana curvatula;(Borkhausen, 1790);;Hétérocères;Drepanidae;Lepidoptera;Drepanoidea;Drepanidae;;640;
Drepana falcataria;(Linnaeus, 1758);;Hétérocères;Drepanidae;Lepidoptera;Drepanoidea;Drepanidae;;641;
Falcaria lacertinaria;(Linnaeus, 1758);;Hétérocères;Drepanidae;Lepidoptera;Drepanoidea;Drepanidae;;642;
Cilix hispanica;Perez de-Gregorio et al., 2002;;Hétérocères;Drepanidae;Lepidoptera;Drepanoidea;Drepanidae;;643;
Cilix glaucata;(Scopoli, 1763);;Hétérocères;Drepanidae;Lepidoptera;Drepanoidea;Drepanidae;;644;
Watsonalla cultraria;(Fabricius, 1775);;Hétérocères;Drepanidae;Lepidoptera;Drepanoidea;Drepanidae;;645;
Watsonalla binaria;(Hufnagel, 1767);;Hétérocères;Drepanidae;Lepidoptera;Drepanoidea;Drepanidae;;646;
Watsonalla uncinula;(Borkhausen, 1790);;Hétérocères;Drepanidae;Lepidoptera;Drepanoidea;Drepanidae;;647;
Sabra harpagula;(Esper, 1786);;Hétérocères;Drepanidae;Lepidoptera;Drepanoidea;Drepanidae;;648;
Traumatocampa pityocampa;(Denis & Schiffermüller, 1775);Thaumetopoea pityocampa;Hétérocères;Notodontidae;Lepidoptera;Noctuoidea;Notodontidae;;649;
Thaumetopoea processionea;(Linnaeus, 1758);;Hétérocères;Notodontidae;Lepidoptera;Noctuoidea;Notodontidae;;650;
Clostera curtula;(Linnaeus, 1758);;Hétérocères;Notodontidae;Lepidoptera;Noctuoidea;Notodontidae;;651;
Clostera anachoreta;(Denis & Schiffermüller, 1775);;Hétérocères;Notodontidae;Lepidoptera;Noctuoidea;Notodontidae;;652;
Clostera anastomosis;(Linnaeus, 1758);;Hétérocères;Notodontidae;Lepidoptera;Noctuoidea;Notodontidae;;653;
Clostera pigra;(Hufnagel, 1766);;Hétérocères;Notodontidae;Lepidoptera;Noctuoidea;Notodontidae;;654;
Gluphisia crenata;(Esper, 1785);;Hétérocères;Notodontidae;Lepidoptera;Noctuoidea;Notodontidae;;655;
Phalera bucephala;(Linnaeus, 1758);;Hétérocères;Notodontidae;Lepidoptera;Noctuoidea;Notodontidae;;656;
Peridea anceps;(Goeze, 1781);;Hétérocères;Notodontidae;Lepidoptera;Noctuoidea;Notodontidae;;657;
Drymonia dodonaea;(Denis & Schiffermüller, 1775);;Hétérocères;Notodontidae;Lepidoptera;Noctuoidea;Notodontidae;;658;
Drymonia ruficornis;(Hufnagel, 1766);;Hétérocères;Notodontidae;Lepidoptera;Noctuoidea;Notodontidae;;659;
Drymonia querna;(Denis & Schiffermüller, 1775);;Hétérocères;Notodontidae;Lepidoptera;Noctuoidea;Notodontidae;;660;
Drymonia obliterata;(Esper, 1785);;Hétérocères;Notodontidae;Lepidoptera;Noctuoidea;Notodontidae;;661;
Drymonia velitaris;(Hufnagel, 1766);;Hétérocères;Notodontidae;Lepidoptera;Noctuoidea;Notodontidae;;662;
Notodonta ziczac;(Linnaeus, 1758);;Hétérocères;Notodontidae;Lepidoptera;Noctuoidea;Notodontidae;;663;
Notodonta dromedarius;(Linnaeus, 1758);;Hétérocères;Notodontidae;Lepidoptera;Noctuoidea;Notodontidae;;664;
Notodonta torva;(Hübner, 1803);;Hétérocères;Notodontidae;Lepidoptera;Noctuoidea;Notodontidae;;665;
Notodonta tritophus;(Denis & Schiffermüller, 1775);;Hétérocères;Notodontidae;Lepidoptera;Noctuoidea;Notodontidae;;666;
Pheosia gnoma;(Fabricius, 1776);;Hétérocères;Notodontidae;Lepidoptera;Noctuoidea;Notodontidae;;667;
Pheosia tremula;(Clerck, 1759);;Hétérocères;Notodontidae;Lepidoptera;Noctuoidea;Notodontidae;;668;
Ptilophora plumigera;(Denis & Schiffermüller, 1775);;Hétérocères;Notodontidae;Lepidoptera;Noctuoidea;Notodontidae;;669;
Spatalia argentina;(Denis & Schiffermüller, 1775);;Hétérocères;Notodontidae;Lepidoptera;Noctuoidea;Notodontidae;;670;
Pterostoma palpina;(Clerck, 1759);;Hétérocères;Notodontidae;Lepidoptera;Noctuoidea;Notodontidae;;671;
Ptilodon capucina;(Linnaeus, 1758);;Hétérocères;Notodontidae;Lepidoptera;Noctuoidea;Notodontidae;;672;
Ptilodon cucullina;(Denis & Schiffermüller, 1775);;Hétérocères;Notodontidae;Lepidoptera;Noctuoidea;Notodontidae;;673;
Leucodonta bicoloria;(Denis & Schiffermüller, 1775);;Hétérocères;Notodontidae;Lepidoptera;Noctuoidea;Notodontidae;;674;
Dicranura ulmi;(Denis & Schiffermüller, 1775);;Hétérocères;Notodontidae;Lepidoptera;Noctuoidea;Notodontidae;;675;
Harpyia milhauseri;(Fabricius, 1775);;Hétérocères;Notodontidae;Lepidoptera;Noctuoidea;Notodontidae;;676;
Stauropus fagi;(Linnaeus, 1758);;Hétérocères;Notodontidae;Lepidoptera;Noctuoidea;Notodontidae;;677;
Furcula bicuspis;(Borkhausen, 1790);;Hétérocères;Notodontidae;Lepidoptera;Noctuoidea;Notodontidae;;678;
Furcula furcula;(Clerck, 1759);;Hétérocères;Notodontidae;Lepidoptera;Noctuoidea;Notodontidae;;679;
Furcula bifida;(Brahm, 1787);;Hétérocères;Notodontidae;Lepidoptera;Noctuoidea;Notodontidae;;680;
Cerura vinula;(Linnaeus, 1758);;Hétérocères;Notodontidae;Lepidoptera;Noctuoidea;Notodontidae;;681;
Cerura erminea;(Esper, 1783);;Hétérocères;Notodontidae;Lepidoptera;Noctuoidea;Notodontidae;;682;
Laelia coenosa;(Hübner, 1808);;Hétérocères;Lymantriinae;Lepidoptera;Noctuoidea;Erebinae;Lymantriinae;683;
Orgyia recens;(Hübner, 1819);;Hétérocères;Lymantriinae;Lepidoptera;Noctuoidea;Erebinae;Lymantriinae;684;
Orgyia antiqua;(Linnaeus, 1758);;Hétérocères;Lymantriinae;Lepidoptera;Noctuoidea;Erebinae;Lymantriinae;685;
Calliteara fascelina;(Linnaeus, 1758);Dicallomera fascelina;Hétérocères;Lymantriinae;Lepidoptera;Noctuoidea;Erebinae;Lymantriinae;686;
Calliteara pudibunda;(Linnaeus, 1758);;Hétérocères;Lymantriinae;Lepidoptera;Noctuoidea;Erebinae;Lymantriinae;687;
Euproctis chrysorrhoea;(Linnaeus, 1758);;Hétérocères;Lymantriinae;Lepidoptera;Noctuoidea;Erebinae;Lymantriinae;688;
Euproctis similis;(Fuessly, 1775);;Hétérocères;Lymantriinae;Lepidoptera;Noctuoidea;Erebinae;Lymantriinae;689;
Leucoma salicis;(Linnaeus, 1758);;Hétérocères;Lymantriinae;Lepidoptera;Noctuoidea;Erebinae;Lymantriinae;690;
Arctornis l-nigrum;(Müller, 1764);;Hétérocères;Lymantriinae;Lepidoptera;Noctuoidea;Erebinae;Lymantriinae;691;
Lymantria monacha;(Linnaeus, 1758);;Hétérocères;Lymantriinae;Lepidoptera;Noctuoidea;Erebinae;Lymantriinae;692;
Lymantria dispar;(Linnaeus, 1758);;Hétérocères;Lymantriinae;Lepidoptera;Noctuoidea;Erebinae;Lymantriinae;693;
Ocneria rubea;(Denis & Schiffermüller, 1775);;Hétérocères;Lymantriinae;Lepidoptera;Noctuoidea;Erebinae;Lymantriinae;694;
Setina irrorella;(Linnaeus, 1758);;Hétérocères;Arctiinae;Lepidoptera;Noctuoidea;Erebidae;Arctiinae;695;
Setina roscida;(Denis & Schiffermüller, 1775);;Hétérocères;Arctiinae;Lepidoptera;Noctuoidea;Erebidae;Arctiinae;696;
Thumatha senex;(Hübner, [1808]);;Hétérocères;Arctiinae;Lepidoptera;Noctuoidea;Erebidae;Arctiinae;697;
Paidia rica;(Freyer, [1858]);;Hétérocères;Arctiinae;Lepidoptera;Noctuoidea;Erebidae;Arctiinae;698;
Nudaria mundana;(Linnaeus, 1761);;Hétérocères;Arctiinae;Lepidoptera;Noctuoidea;Erebidae;Arctiinae;699;
Miltochrista miniata;(Forster, 1771);;Hétérocères;Arctiinae;Lepidoptera;Noctuoidea;Erebidae;Arctiinae;700;
Atolmis rubricollis;(Linnaeus, 1758);;Hétérocères;Arctiinae;Lepidoptera;Noctuoidea;Erebidae;Arctiinae;701;
Cybosia mesomella;(Linnaeus, 1758);;Hétérocères;Arctiinae;Lepidoptera;Noctuoidea;Erebidae;Arctiinae;702;
Pelosia muscerda;(Hufnagel, 1766);;Hétérocères;Arctiinae;Lepidoptera;Noctuoidea;Erebidae;Arctiinae;703;
Pelosia obtusa;(Herrich-Schäffer, 1852);;Hétérocères;Arctiinae;Lepidoptera;Noctuoidea;Erebidae;Arctiinae;704;
Eilema sororcula;(Hufnagel, 1766);Wittia sororcula;Hétérocères;Arctiinae;Lepidoptera;Noctuoidea;Erebidae;Arctiinae;705;
Eilema griseola;(Hübner, [1803]);;Hétérocères;Arctiinae;Lepidoptera;Noctuoidea;Erebidae;Arctiinae;706;
Eilema caniola;(Hübner, [1808]);;Hétérocères;Arctiinae;Lepidoptera;Noctuoidea;Erebidae;Arctiinae;707;
Eilema lutarella;(Linnaeus, 1758);;Hétérocères;Arctiinae;Lepidoptera;Noctuoidea;Erebidae;Arctiinae;708;
Eilema pygmaeola;(Doubleday, 1847);;Hétérocères;Arctiinae;Lepidoptera;Noctuoidea;Erebidae;Arctiinae;709;
Eilema palliatella;(Scopoli, 1763);;Hétérocères;Arctiinae;Lepidoptera;Noctuoidea;Erebidae;Arctiinae;710;
Eilema complana;(Linnaeus, 1758);;Hétérocères;Arctiinae;Lepidoptera;Noctuoidea;Erebidae;Arctiinae;711;
Eilema lurideola;(Zincken, 1817);;Hétérocères;Arctiinae;Lepidoptera;Noctuoidea;Erebidae;Arctiinae;712;
Eilema depressa;(Esper, 1787);;Hétérocères;Arctiinae;Lepidoptera;Noctuoidea;Erebidae;Arctiinae;713;
Apaidia mesogona;(Godart, [1824});;Hétérocères;Arctiinae;Lepidoptera;Noctuoidea;Erebidae;Arctiinae;714;
Lithosia quadra;(Linnaeus, 1758);;Hétérocères;Arctiinae;Lepidoptera;Noctuoidea;Erebidae;Arctiinae;715;
Coscinia cribraria;(Linnaeus, 1758);;Hétérocères;Arctiinae;Lepidoptera;Noctuoidea;Erebidae;Arctiinae;716;
Coscinia striata;(Linnaeus, 1758);Spiris striata;Hétérocères;Arctiinae;Lepidoptera;Noctuoidea;Erebidae;Arctiinae;717;
Utetheisa pulchella;(Linnaeus, 1758);;Hétérocères;Arctiinae;Lepidoptera;Noctuoidea;Erebidae;Arctiinae;718;
Parasemia plantaginis;(Linnaeus, 1758);;Hétérocères;Arctiinae;Lepidoptera;Noctuoidea;Erebidae;Arctiinae;719;
Hyphoraia testudinaria;(Geoffroy in Fourcroy, 1785);Hyphoraia aulica;Hétérocères;Arctiinae;Lepidoptera;Noctuoidea;Erebidae;Arctiinae;720;
Arctia caja;(Linnaeus, 1758);;Hétérocères;Arctiinae;Lepidoptera;Noctuoidea;Erebidae;Arctiinae;721;
Arctia villica;(Linnaeus, 1758);Epicallia villica;Hétérocères;Arctiinae;Lepidoptera;Noctuoidea;Erebidae;Arctiinae;722;
Arctia festiva;(Hufnagel, 1766);Eucharia festiva;Hétérocères;Arctiinae;Lepidoptera;Noctuoidea;Erebidae;Arctiinae;723;
Diacrisia sannio;(Linnaeus, 1758);;Hétérocères;Arctiinae;Lepidoptera;Noctuoidea;Erebidae;Arctiinae;724;
Rhyparioides metelkana;(Lederer,  1861);Rhyparioides flavida;Hétérocères;Arctiinae;Lepidoptera;Noctuoidea;Erebidae;Arctiinae;725;
Rhyparia purpurata;(Linnaeus, 1758);;Hétérocères;Arctiinae;Lepidoptera;Noctuoidea;Erebidae;Arctiinae;726;
Spilosoma lubricipeda;(Linnaeus, 1758);;Hétérocères;Arctiinae;Lepidoptera;Noctuoidea;Erebidae;Arctiinae;727;
Spilosoma lutea;(Hufnagel, 1766);Spilosoma luteum;Hétérocères;Arctiinae;Lepidoptera;Noctuoidea;Erebidae;Arctiinae;728;
Spilosoma urticae;(Esper, 1789);;Hétérocères;Arctiinae;Lepidoptera;Noctuoidea;Erebidae;Arctiinae;729;
Diaphora mendica;(Clerck, 1759);;Hétérocères;Arctiinae;Lepidoptera;Noctuoidea;Erebidae;Arctiinae;730;
Phragmatobia fuliginosa;(Linnaeus, 1758);;Hétérocères;Arctiinae;Lepidoptera;Noctuoidea;Erebidae;Arctiinae;731;
Chelis maculosa;(Denis & Schiffermüller, 1775);;Hétérocères;Arctiinae;Lepidoptera;Noctuoidea;Erebidae;Arctiinae;732;
Watsonarctia casta;(Esper, 1785);;Hétérocères;Arctiinae;Lepidoptera;Noctuoidea;Erebidae;Arctiinae;733;
Callimorpha dominula;(Linnaeus, 1758);;Hétérocères;Arctiinae;Lepidoptera;Noctuoidea;Erebidae;Arctiinae;734;
Euplagia quadripunctaria;(Poda, 1761);;Hétérocères;Arctiinae;Lepidoptera;Noctuoidea;Erebidae;Arctiinae;735;
Tyria jacobaeae;(Linnaeus, 1758);;Hétérocères;Arctiinae;Lepidoptera;Noctuoidea;Erebidae;Arctiinae;736;
Amata phegea;(Linnaeus, 1758);;Hétérocères;Arctiinae;Lepidoptera;Noctuoidea;Erebidae;Arctiinae;737;
Dysauxes ancilla;(Linnaeus, 1767);;Hétérocères;Arctiinae;Lepidoptera;Noctuoidea;Erebidae;Arctiinae;738;
Dysauxes punctata;(Fabricius, 1781);;Hétérocères;Arctiinae;Lepidoptera;Noctuoidea;Erebidae;Arctiinae;739;
Bothriomyrmex corsicus;Santschi 1923;;Formicidae;Dolichoderinae;Hymenoptera;Vespoidea;Formicidae;Dolichoderinae;740;
Dolichoderus quadripunctatus;(Linnaeus 1771);;Formicidae;Dolichoderinae;Hymenoptera;Vespoidea;Formicidae;Dolichoderinae;741;
Linepithema humile;(Mayr 1868);;Formicidae;Dolichoderinae;Hymenoptera;Vespoidea;Formicidae;Dolichoderinae;742;
Tapinoma madeirense;Forel 1895;Tapinoma erraticum madeirense;Formicidae;Dolichoderinae;Hymenoptera;Vespoidea;Formicidae;Dolichoderinae;743;
Tapinoma erraticum;(Latreille 1798);;Formicidae;Dolichoderinae;Hymenoptera;Vespoidea;Formicidae;Dolichoderinae;744;
Tapinoma pygmaeum;(Dufour 1857);;Formicidae;Dolichoderinae;Hymenoptera;Vespoidea;Formicidae;Dolichoderinae;745;
Tapinoma nigerrimum;(Nylander 1856);;Formicidae;Dolichoderinae;Hymenoptera;Vespoidea;Formicidae;Dolichoderinae;746;
Camponotus herculeanus;(Linnaeus 1758);;Formicidae;Formicinae;Hymenoptera;Vespoidea;Formicidae;Formicinae;747;
Camponotus ligniperdus;(Latreille 1802);Camponotus ligniperda;Formicidae;Formicinae;Hymenoptera;Vespoidea;Formicidae;Formicinae;748;
Camponotus vagus;(Scopoli 1763);;Formicidae;Formicinae;Hymenoptera;Vespoidea;Formicidae;Formicinae;749;
Camponotus truncatus;(Spinola 1808);;Formicidae;Formicinae;Hymenoptera;Vespoidea;Formicidae;Formicinae;750;
Camponotus fallax;(Nylander 1846);;Formicidae;Formicinae;Hymenoptera;Vespoidea;Formicidae;Formicinae;751;
Camponotus lateralis;(Olivier 1791);;Formicidae;Formicinae;Hymenoptera;Vespoidea;Formicidae;Formicinae;752;
Camponotus piceus;(Leach 1825);;Formicidae;Formicinae;Hymenoptera;Vespoidea;Formicidae;Formicinae;753;
Camponotus aethiops;(Latreille 1798);;Formicidae;Formicinae;Hymenoptera;Vespoidea;Formicidae;Formicinae;754;
Camponotus foreli;Emery 1881;;Formicidae;Formicinae;Hymenoptera;Vespoidea;Formicidae;Formicinae;755;
Formica polyctena;Forster 1850;;Formicidae;Formicinae;Hymenoptera;Vespoidea;Formicidae;Formicinae;756;
Formica pratensis;Retzius 1783;;Formicidae;Formicinae;Hymenoptera;Vespoidea;Formicidae;Formicinae;757;
Formica rufa;Linnaeus 1761;;Formicidae;Formicinae;Hymenoptera;Vespoidea;Formicidae;Formicinae;758;Formica rufa Linnaeus 1758 est invalidé au profit de Formica rufa Linnaeus 1761 ! (http://hol.osu.edu/search.html?limit=50&name=Formica+rufa)
Formica sanguinea;Latreille 1798;;Formicidae;Formicinae;Hymenoptera;Vespoidea;Formicidae;Formicinae;759;
Formica cunicularia;Latreille 1798;;Formicidae;Formicinae;Hymenoptera;Vespoidea;Formicidae;Formicinae;760;
Formica fusca;Linnaeus 1758;;Formicidae;Formicinae;Hymenoptera;Vespoidea;Formicidae;Formicinae;761;
Formica gagates;Latreille 1798;;Formicidae;Formicinae;Hymenoptera;Vespoidea;Formicidae;Formicinae;762;
Formica rufibarbis;Fabricius 1793;;Formicidae;Formicinae;Hymenoptera;Vespoidea;Formicidae;Formicinae;763;
Formica clara;Forel 1886;Formica lusatica;Formicidae;Formicinae;Hymenoptera;Vespoidea;Formicidae;Formicinae;764;
Formica picea;Nylander 1846;Formica candida;Formicidae;Formicinae;Hymenoptera;Vespoidea;Formicidae;Formicinae;765;
Formica selysi;Bondroit 1918;;Formicidae;Formicinae;Hymenoptera;Vespoidea;Formicidae;Formicinae;766;
Lasius carniolicus;Mayr 1861;;Formicidae;Formicinae;Hymenoptera;Vespoidea;Formicidae;Formicinae;767;
Lasius flavus;(Fabricius 1782);;Formicidae;Formicinae;Hymenoptera;Vespoidea;Formicidae;Formicinae;768;
Lasius myops;Forel 1894;;Formicidae;Formicinae;Hymenoptera;Vespoidea;Formicidae;Formicinae;769;
Lasius bicornis;(Foerster 1850);;Formicidae;Formicinae;Hymenoptera;Vespoidea;Formicidae;Formicinae;770;
Lasius distinguendus;Emery 1916;;Formicidae;Formicinae;Hymenoptera;Vespoidea;Formicidae;Formicinae;771;
Lasius meridionalis;Bondroit 1920;;Formicidae;Formicinae;Hymenoptera;Vespoidea;Formicidae;Formicinae;772;
Lasius mixtus;(Nylander 1846);;Formicidae;Formicinae;Hymenoptera;Vespoidea;Formicidae;Formicinae;773;
Lasius sabularum;(Bondroit 1918);;Formicidae;Formicinae;Hymenoptera;Vespoidea;Formicidae;Formicinae;774;
Lasius umbratus;(Nylander 1846);;Formicidae;Formicinae;Hymenoptera;Vespoidea;Formicidae;Formicinae;775;
Lasius fuliginosus;(Latreille 1798);;Formicidae;Formicinae;Hymenoptera;Vespoidea;Formicidae;Formicinae;776;
Lasius alienus;(Foerster 1850);;Formicidae;Formicinae;Hymenoptera;Vespoidea;Formicidae;Formicinae;777;
Lasius brunneus;(Latreille 1798);;Formicidae;Formicinae;Hymenoptera;Vespoidea;Formicidae;Formicinae;778;
Lasius emarginatus;(Olivier 1792);;Formicidae;Formicinae;Hymenoptera;Vespoidea;Formicidae;Formicinae;779;
Lasius lasioides;(Emery 1869);;Formicidae;Formicinae;Hymenoptera;Vespoidea;Formicidae;Formicinae;780;
Lasius neglectus;Van Loon, Boomsma & Andrasfalvy 1990;;Formicidae;Formicinae;Hymenoptera;Vespoidea;Formicidae;Formicinae;781;
Lasius paralienus;Seifert 1992;;Formicidae;Formicinae;Hymenoptera;Vespoidea;Formicidae;Formicinae;782;
Lasius niger;(Linnaeus 1758);;Formicidae;Formicinae;Hymenoptera;Vespoidea;Formicidae;Formicinae;783;
Lasius platythorax;Seifert 1991;;Formicidae;Formicinae;Hymenoptera;Vespoidea;Formicidae;Formicinae;784;
Lasius psammophilus;Seifert 1992;;Formicidae;Formicinae;Hymenoptera;Vespoidea;Formicidae;Formicinae;785;
Plagiolepis taurica;Santschi 1920;Plagiolepis tauricus;Formicidae;Formicinae;Hymenoptera;Vespoidea;Formicidae;Formicinae;786;
Plagiolepis pygmaea;(Latreille 1798);;Formicidae;Formicinae;Hymenoptera;Vespoidea;Formicidae;Formicinae;787;
Plagiolepis xene;Starcke 1936;;Formicidae;Formicinae;Hymenoptera;Vespoidea;Formicidae;Formicinae;788;
Polyergus rufescens;(Latreille 1798);;Formicidae;Formicinae;Hymenoptera;Vespoidea;Formicidae;Formicinae;789;
Cardiocondyla elegans;Emery 1869;;Formicidae;Mymicinae;Hymenoptera;Vespoidea;Formicidae;Mymicinae;790;
Anergates atratulus;(Schenck 1852);;Formicidae;Mymicinae;Hymenoptera;Vespoidea;Formicidae;Mymicinae;791;
Aphaenogaster gibbosa;(Latreille 1798);;Formicidae;Mymicinae;Hymenoptera;Vespoidea;Formicidae;Mymicinae;792;
Aphaenogaster subterranea;(Latreille 1798);;Formicidae;Mymicinae;Hymenoptera;Vespoidea;Formicidae;Mymicinae;793;
Crematogaster scutellaris;(Olivier 1792);;Formicidae;Mymicinae;Hymenoptera;Vespoidea;Formicidae;Mymicinae;794;
Messor capitatus;(Latreille 1798);;Formicidae;Mymicinae;Hymenoptera;Vespoidea;Formicidae;Mymicinae;795;
Messor structor;(Latreille 1798);;Formicidae;Mymicinae;Hymenoptera;Vespoidea;Formicidae;Mymicinae;796;
Monomorium carbonarium;(F. Smith 1858);;Formicidae;Mymicinae;Hymenoptera;Vespoidea;Formicidae;Mymicinae;797;
Monomorium monomorium;Bolton 1987;;Formicidae;Mymicinae;Hymenoptera;Vespoidea;Formicidae;Mymicinae;798;
Monomorium pharaonis;(Linnaeus 1758);;Formicidae;Mymicinae;Hymenoptera;Vespoidea;Formicidae;Mymicinae;799;
Myrmecina graminicola;(Latreille 1802);;Formicidae;Mymicinae;Hymenoptera;Vespoidea;Formicidae;Mymicinae;800;
Myrmica spinosior;Santschi 1931;Myrmica sabuleti spinosior;Formicidae;Mymicinae;Hymenoptera;Vespoidea;Formicidae;Mymicinae;801;
Myrmica specioides;Bondroit 1918;;Formicidae;Mymicinae;Hymenoptera;Vespoidea;Formicidae;Mymicinae;802;
Myrmica rubra;(Linnaeus 1758);;Formicidae;Mymicinae;Hymenoptera;Vespoidea;Formicidae;Mymicinae;803;
Myrmica ruginodis;Nylander 1846;;Formicidae;Mymicinae;Hymenoptera;Vespoidea;Formicidae;Mymicinae;804;
Myrmica sabuleti;Meinert 1861;;Formicidae;Mymicinae;Hymenoptera;Vespoidea;Formicidae;Mymicinae;805;
Myrmica scabrinodis;Nylander 1846;;Formicidae;Mymicinae;Hymenoptera;Vespoidea;Formicidae;Mymicinae;806;
Myrmica gallienii;Bondroit 1920;;Formicidae;Mymicinae;Hymenoptera;Vespoidea;Formicidae;Mymicinae;807;
Myrmica bibikoffi;Kutter 1963;;Formicidae;Mymicinae;Hymenoptera;Vespoidea;Formicidae;Mymicinae;808;Myrmica bibikoffi et non pas Myrmica bibikofii !
Myrmica schencki;Emery 1895;;Formicidae;Mymicinae;Hymenoptera;Vespoidea;Formicidae;Mymicinae;809;
Pheidole pallidula;(Nylander 1849);;Formicidae;Mymicinae;Hymenoptera;Vespoidea;Formicidae;Mymicinae;810;
Solenopsis fugax;Latreille 1798;;Formicidae;Mymicinae;Hymenoptera;Vespoidea;Formicidae;Mymicinae;811;
Stenamma striatulum;Emery 1895;;Formicidae;Mymicinae;Hymenoptera;Vespoidea;Formicidae;Mymicinae;812;Emery 1895 et non pas Emery 1894 ! (http://antcat.org/references?q=124591) La publication est sortie en 1895 !
Stenamma debile;(Forster 1850);;Formicidae;Mymicinae;Hymenoptera;Vespoidea;Formicidae;Mymicinae;813;
Strongylognathus testaceus;(Schenck 1852);;Formicidae;Mymicinae;Hymenoptera;Vespoidea;Formicidae;Mymicinae;814;
Temnothorax affinis;(Mayr 1855);Leptothorax affinis;Formicidae;Mymicinae;Hymenoptera;Vespoidea;Formicidae;Mymicinae;815;
Temnothorax albipennis;(Curtis 1854);Leptothorax albipennis;Formicidae;Mymicinae;Hymenoptera;Vespoidea;Formicidae;Mymicinae;816;
Temnothorax nylanderi;(Forster 1850);Leptothorax nylanderi;Formicidae;Mymicinae;Hymenoptera;Vespoidea;Formicidae;Mymicinae;817;
Temnothorax parvulus;(Schenck 1852);Leptothorax parvulus;Formicidae;Mymicinae;Hymenoptera;Vespoidea;Formicidae;Mymicinae;818;
Temnothorax unifasciatus;(Latreille 1798);Leptothorax unifasciatus;Formicidae;Mymicinae;Hymenoptera;Vespoidea;Formicidae;Mymicinae;819;
Tetramorium caespitum;(Linnaeus 1758);;Formicidae;Mymicinae;Hymenoptera;Vespoidea;Formicidae;Mymicinae;820;
Tetramorium forte;Forel 1904;;Formicidae;Mymicinae;Hymenoptera;Vespoidea;Formicidae;Mymicinae;821;
Tetramorium impurum;(Forster 1850);;Formicidae;Mymicinae;Hymenoptera;Vespoidea;Formicidae;Mymicinae;822;
Tetramorium meridionale;Emery 1870;;Formicidae;Mymicinae;Hymenoptera;Vespoidea;Formicidae;Mymicinae;823;
Tetramorium moravicum;Kratochvil 1941;;Formicidae;Mymicinae;Hymenoptera;Vespoidea;Formicidae;Mymicinae;824;
Hypoponera eduardi;(Forel 1894);;Formicidae;Ponerinae;Hymenoptera;Vespoidea;Formicidae;Ponerinae;825;
Ponera coarctata;(Latreille 1802);;Formicidae;Ponerinae;Hymenoptera;Vespoidea;Formicidae;Ponerinae;826;
Ponera testacea;Emery 1895;;Formicidae;Ponerinae;Hymenoptera;Vespoidea;Formicidae;Ponerinae;827;
